cohort,state,basin,basin_label_readable,is_local_minimum,occupancy,occupancy_prop,cs_delta,prop_CSplus,prop_CSminus,prop_ITI,enriched_event,max_enrichment,enrich_CSplus,enrich_CSminus,enrich_ITI,binary,binary_01,sigma_pattern
HC,7,1,Global off,False,34,0.012186379928315413,-0.2058823529411765,0.14705882352941177,0.35294117647058826,0.5,CS-,0.14505587181109006,-0.050790638836179625,0.14505587181109006,-0.0942652329749104,1100,1100,-++--
HC,8,3,Safety-like,False,49,0.01756272401433692,-0.18367346938775508,0.10204081632653061,0.2857142857142857,0.6122448979591837,CS-,0.0778289810547875,-0.09580864603906078,0.0778289810547875,0.01797966498427328,11100,11100,+++--
HC,20,3,Safety-like,True,175,0.06272401433691756,-0.14857142857142858,0.06857142857142857,0.21714285714285714,0.7142857142857143,ITI,0.1200204813108039,-0.1292780337941628,0.009257552483358938,0.1200204813108039,11001,11001,++--+
HC,26,4,Global on,False,29,0.01039426523297491,-0.13793103448275862,0.034482758620689655,0.1724137931034483,0.7931034482758621,ITI,0.1988382153009517,-0.16336670374490175,-0.03547151155604991,0.1988382153009517,10011,10011,+--++
HC,32,4,Global on,True,226,0.08100358422939068,-0.11504424778761063,0.14601769911504425,0.2610619469026549,0.5929203539823009,CS-,0.053176642243156685,-0.05183176325054714,0.053176642243156685,-0.0013448789926094884,11111,11111,+++++
HC,19,3,Safety-like,False,84,0.030107526881720432,-0.10714285714285715,0.07142857142857142,0.17857142857142858,0.75,ITI,0.1557347670250896,-0.12642089093701997,-0.029313876088069624,0.1557347670250896,1001,1001,-+--+
HC,18,3,Safety-like,False,50,0.017921146953405017,-0.1,0.1,0.2,0.7,ITI,0.10573476702508955,-0.09784946236559139,-0.007885304659498188,0.10573476702508955,10001,10001,+---+
HC,24,4,Global on,False,83,0.02974910394265233,-0.09638554216867468,0.13253012048192772,0.2289156626506024,0.6385542168674698,ITI,0.04428898389255942,-0.06531934188366367,0.021030357991104198,0.04428898389255942,11101,11101,+++-+
HC,25,1,Global off,False,53,0.01899641577060932,-0.09433962264150944,0.1509433962264151,0.24528301886792453,0.6037735849056604,CS-,0.03739771420842633,-0.046906066139176306,0.03739771420842633,0.009508351930749948,11,11,---++
HC,27,4,Global on,False,40,0.014336917562724014,-0.075,0.075,0.15,0.775,ITI,0.18073476702508962,-0.1228494623655914,-0.057885304659498205,0.18073476702508962,1011,1011,-+-++
HC,17,1,Global off,False,131,0.04695340501792115,-0.06870229007633588,0.08396946564885496,0.15267175572519084,0.7633587786259542,ITI,0.16909354565104384,-0.11387999671673643,-0.055213548934307355,0.16909354565104384,1,1,----+
HC,4,3,Safety-like,False,116,0.04157706093189964,-0.060344827586206906,0.1810344827586207,0.2413793103448276,0.5775862068965517,CS-,0.0334940056853294,-0.016814979606970704,0.0334940056853294,-0.016679026078358694,11000,11000,++---
HC,12,3,Safety-like,False,72,0.025806451612903226,-0.05555555555555558,0.2361111111111111,0.2916666666666667,0.4722222222222222,CS-,0.08378136200716849,0.03826164874551971,0.08378136200716849,-0.1220430107526882,11010,11010,++-+-
HC,10,1,Global off,False,50,0.017921146953405017,-0.04000000000000001,0.18,0.22,0.6,CS-,0.012114695340501802,-0.0178494623655914,0.012114695340501802,0.005734767025089571,10010,10010,+--+-
HC,2,1,Global off,False,121,0.043369175627240145,-0.03305785123966942,0.2066115702479339,0.2396694214876033,0.5537190082644629,CS-,0.03178411682810511,0.008762107882342496,0.03178411682810511,-0.040546224710447554,10000,10000,+----
HC,28,4,Global on,False,93,0.03333333333333333,-0.02150537634408603,0.13978494623655913,0.16129032258064516,0.6989247311827957,ITI,0.10465949820788534,-0.05806451612903227,-0.04659498207885304,0.10465949820788534,11011,11011,++-++
HC,21,1,Global off,False,63,0.02258064516129032,0.0,0.19047619047619047,0.19047619047619047,0.6190476190476191,ITI,0.024782386072708662,-0.007373271889400929,-0.017409114183307733,0.024782386072708662,101,101,--+-+
HC,3,1,Global off,False,56,0.02007168458781362,0.0,0.14285714285714285,0.14285714285714285,0.7142857142857143,ITI,0.1200204813108039,-0.054992319508448545,-0.06502816180235535,0.1200204813108039,1000,1000,-+---
HC,23,4,Global on,False,45,0.016129032258064516,0.0,0.2222222222222222,0.2222222222222222,0.5555555555555556,CS+,0.024372759856630816,0.024372759856630816,0.01433691756272401,-0.03870967741935483,1101,1101,-++-+
HC,22,4,Global on,False,15,0.005376344086021506,0.0,0.26666666666666666,0.26666666666666666,0.4666666666666667,CS+,0.06881720430107527,0.06881720430107527,0.058781362007168464,-0.12759856630824373,10101,10101,+-+-+
PTSD,8,3,Safety-like,False,50,0.01808972503617945,-0.16000000000000003,0.18,0.34,0.48,CS-,0.136671490593343,-0.02369030390738061,0.136671490593343,-0.11298118668596235,11100,11100,+++--
PTSD,18,3,Safety-like,False,59,0.02134587554269175,-0.13559322033898305,0.1016949152542373,0.23728813559322035,0.6610169491525424,ITI,0.06803576246658005,-0.10199538865314331,0.03395962618656331,0.06803576246658005,10001,10001,+---+
PTSD,26,4,Global on,False,23,0.008321273516642547,-0.13043478260869568,0.17391304347826086,0.30434782608695654,0.5217391304347826,CS-,0.10101931668029951,-0.02977726042911974,0.10101931668029951,-0.07124205625117974,10011,10011,+--++
PTSD,19,3,Safety-like,False,86,0.031114327062228653,-0.11627906976744184,0.08139534883720931,0.19767441860465115,0.7209302325581395,ITI,0.12794904587217715,-0.1222949550701713,-0.005654090802005879,0.12794904587217715,1001,1001,-+--+
PTSD,23,4,Global on,False,53,0.01917510853835022,-0.11320754716981132,0.1320754716981132,0.24528301886792453,0.6226415094339622,CS-,0.0419545094612675,-0.0716148322092674,0.0419545094612675,0.0296603227479999,1101,1101,-++-+
PTSD,20,3,Safety-like,True,172,0.06222865412445731,-0.058139534883720936,0.0872093023255814,0.14534883720930233,0.7674418604651163,ITI,0.17446067377915397,-0.1164810015817992,-0.0579796721973547,0.17446067377915397,11001,11001,++--+
PTSD,7,1,Global off,False,38,0.013748191027496382,-0.05263157894736842,0.2631578947368421,0.3157894736842105,0.42105263157894735,CS-,0.11246096427755348,0.059467590829461486,0.11246096427755348,-0.171928555107015,1100,1100,-++--
PTSD,29,2,Threat-like,False,117,0.04232995658465991,-0.051282051282051266,0.15384615384615385,0.20512820512820512,0.6410256410256411,ITI,0.048044454339678744,-0.04984415006122675,0.001799695721548089,0.048044454339678744,111,111,--+++
PTSD,10,1,Global off,False,61,0.02206946454413893,-0.04918032786885246,0.18032786885245902,0.22950819672131148,0.5901639344262295,CS-,0.02617968731465445,-0.023362435054921582,0.02617968731465445,-0.0028172522597328387,10010,10010,+--+-
PTSD,2,1,Global off,False,118,0.0426917510853835,-0.0423728813559322,0.15254237288135594,0.19491525423728814,0.652542372881356,ITI,0.059561186195393634,-0.05114793102602466,-0.008413255169368888,0.059561186195393634,10000,10000,+----
PTSD,3,1,Global off,False,48,0.017366136034732273,-0.04166666666666666,0.125,0.16666666666666666,0.7083333333333334,ITI,0.11535214664737103,-0.0786903039073806,-0.036661842739990375,0.11535214664737103,1000,1000,-+---
PTSD,17,1,Global off,False,105,0.03798842257597684,-0.0380952380952381,0.09523809523809523,0.13333333333333333,0.7714285714285715,ITI,0.17844738474260913,-0.10845220866928537,-0.0699951760733237,0.17844738474260913,1,1,----+
PTSD,30,4,Global on,False,59,0.02134587554269175,-0.033898305084745756,0.22033898305084745,0.2542372881355932,0.5254237288135594,CS-,0.05090877872893618,0.01664867914346685,0.05090877872893618,-0.06755745787240297,10111,10111,+-+++
PTSD,24,4,Global on,False,82,0.029667149059334298,-0.02439024390243902,0.13414634146341464,0.15853658536585366,0.7073170731707317,ITI,0.11433588648476933,-0.06954396244396596,-0.04479192404080337,0.11433588648476933,11101,11101,+++-+
PTSD,12,3,Safety-like,False,41,0.014833574529667149,-0.02439024390243902,0.21951219512195122,0.24390243902439024,0.5365853658536586,CS-,0.040573929617733206,0.015821891214570616,0.040573929617733206,-0.05639582083230377,11010,11010,++-+-
PTSD,5,1,Global off,False,85,0.030752532561505064,-0.011764705882352927,0.2,0.21176470588235294,0.5882352941176471,CS-,0.008436196475695906,-0.0036903039073805932,0.008436196475695906,-0.0047458925683152575,100,100,--+--
PTSD,1,1,Global off,True,271,0.09804630969609263,-0.011070110701107028,0.17712177121771217,0.1881918819188192,0.6346863468634686,ITI,0.04170516017750625,-0.02656853268966844,-0.01513662748783784,0.04170516017750625,0,0,-----
PTSD,4,3,Safety-like,False,113,0.040882778581765554,0.0,0.17699115044247787,0.17699115044247787,0.6460176991150443,ITI,0.05303651242908192,-0.02669915346490273,-0.02633735896417916,0.05303651242908192,11000,11000,++---
PTSD,28,4,Global on,False,86,0.031114327062228653,0.0,0.23255813953488372,0.23255813953488372,0.5348837209302325,CS-,0.029229630128226686,0.028867835627503113,0.029229630128226686,-0.05809746575572983,11011,11011,++-++
PTSD,21,1,Global off,False,43,0.015557163531114327,0.0,0.18604651162790697,0.18604651162790697,0.627906976744186,ITI,0.034925790058223716,-0.01764379227947363,-0.017281997778750058,0.034925790058223716,101,101,--+-+
merged,8,3,Safety-like,False,99,0.017824990997479292,-0.17171717171717174,0.1414141414141414,0.31313131313131315,0.5454545454545454,CS-,0.10751374021089544,-0.0593420703251456,0.10751374021089544,-0.048171669885749835,11100,11100,+++--
merged,26,4,Global on,False,52,0.009362621534029529,-0.13461538461538464,0.09615384615384616,0.23076923076923078,0.6730769230769231,ITI,0.07945070773662788,-0.10460236558544085,0.02515165784881307,0.07945070773662788,10011,10011,+--++
merged,7,1,Global off,False,72,0.012963629816348578,-0.12499999999999997,0.20833333333333334,0.3333333333333333,0.4583333333333333,CS-,0.1277157604129156,0.007577121594046332,0.1277157604129156,-0.13529288200696193,1100,1100,-++--
merged,18,3,Safety-like,False,109,0.01962549513863882,-0.11926605504587157,0.10091743119266056,0.22018348623853212,0.6788990825688074,ITI,0.08527286722851213,-0.09983878054662645,0.01456591331811441,0.08527286722851213,10001,10001,+---+
merged,19,3,Safety-like,False,170,0.030608570399711918,-0.11176470588235293,0.07647058823529412,0.18823529411764706,0.7352941176470589,ITI,0.14166790230676363,-0.12428562350399289,-0.017382278802770657,0.14166790230676363,1001,1001,-+--+
merged,20,3,Safety-like,True,347,0.062477493698235506,-0.10374639769452448,0.07780979827089338,0.18155619596541786,0.7406340057636888,ITI,0.14700779042339351,-0.12294641346839363,-0.024061376954999852,0.14700779042339351,11001,11001,++--+
merged,23,4,Global on,False,98,0.01764494058336334,-0.06122448979591838,0.17346938775510204,0.23469387755102042,0.5918367346938775,CS-,0.029076304630602706,-0.02728682398418497,0.029076304630602706,-0.001789480646417707,1101,1101,-++-+
merged,24,4,Global on,False,165,0.029708318329132156,-0.06060606060606061,0.13333333333333333,0.19393939393939394,0.6727272727272727,ITI,0.07910105738697748,-0.06742287840595368,-0.011678178981023773,0.07910105738697748,11101,11101,+++-+
merged,17,1,Global off,False,236,0.04249189773136478,-0.05508474576271187,0.08898305084745763,0.1440677966101695,0.7669491525423728,ITI,0.1733229372020776,-0.11177316089182938,-0.061549776310248216,0.1733229372020776,1,1,----+
merged,10,1,Global off,False,111,0.019985595966870724,-0.04504504504504506,0.18018018018018017,0.22522522522522523,0.5945945945945946,CS-,0.019607652304807516,-0.02057603155910684,0.019607652304807516,0.0009683792542993785,10010,10010,+--+-
merged,12,3,Safety-like,False,113,0.02034569679510263,-0.044247787610619455,0.23008849557522124,0.2743362831858407,0.49557522123893805,CS-,0.06871871026542298,0.029332283835934225,0.06871871026542298,-0.0980509941013572,11010,11010,++-+-
merged,2,1,Global off,False,239,0.04303204897371264,-0.03765690376569039,0.1799163179916318,0.2175732217573222,0.602510460251046,CS-,0.011955648836904476,-0.020839893747655214,0.011955648836904476,0.008884244910750794,10000,10000,+----
merged,27,4,Global on,False,81,0.01458408354339215,-0.037037037037037035,0.12345679012345678,0.16049382716049382,0.7160493827160493,ITI,0.1224231673757541,-0.07729942161583023,-0.045123745759923894,0.1224231673757541,1011,1011,-+-++
merged,25,1,Global off,False,109,0.01962549513863882,-0.03669724770642202,0.1651376146788991,0.2018348623853211,0.6330275229357798,ITI,0.03940130759548455,-0.03561859706038792,-0.0037827105350966006,0.03940130759548455,11,11,---++
merged,32,4,Global on,True,474,0.08534389629096147,-0.03164556962025317,0.20042194092827004,0.2320675105485232,0.5675105485232067,CS-,0.02644993762810549,-0.0003342708110169734,0.02644993762810549,-0.026115666817088545,11111,11111,+++++
merged,4,3,Safety-like,False,229,0.04123154483255311,-0.03056768558951964,0.17903930131004367,0.2096069868995633,0.611353711790393,ITI,0.017727496450097746,-0.02171691042924334,0.003989413979145595,0.017727496450097746,11000,11000,++---
merged,3,1,Global off,False,104,0.018725243068059057,-0.019230769230769246,0.1346153846153846,0.15384615384615385,0.7115384615384616,ITI,0.11791224619816632,-0.0661408271239024,-0.05177141907426386,0.11791224619816632,1000,1000,-+---
merged,28,4,Global on,False,179,0.03222902412675549,-0.011173184357541888,0.18435754189944134,0.19553072625698323,0.6201117318435754,ITI,0.026485516503280127,-0.01639866983984567,-0.010086846663434484,0.026485516503280127,11011,11011,++-++
merged,29,2,Threat-like,False,235,0.04231184731724883,0.0,0.19574468085106383,0.19574468085106383,0.6085106382978723,ITI,0.014884422957577081,-0.005011530888223176,-0.009872892069353878,0.014884422957577081,111,111,--+++
merged,21,1,Global off,False,106,0.019085343896290963,0.0,0.18867924528301888,0.18867924528301888,0.6226415094339622,ITI,0.029015294093666988,-0.012076966456268129,-0.01693832763739883,0.029015294093666988,101,101,--+-+
