category,file_name,relative_path,size_bytes,modified_time_epoch
feature,J_parameters_long.csv,ELA_features/J_parameters_long.csv,272,1777573907.5214207
feature,basin_graph.csv,ELA_features/basin_graph.csv,299,1777573907.7358284
feature,basin_metadata.csv,ELA_features/basin_metadata.csv,90,1777573907.4922626
feature,basin_metadata_with_members.csv,ELA_features/basin_metadata_with_members.csv,235,1777573907.5005808
feature,basin_occupancy_long.csv,ELA_features/basin_occupancy_long.csv,8299,1777573907.6617548
feature,basin_role_map.csv,ELA_features/basin_role_map.csv,300,1777573907.5075815
feature,branch_lengths.csv,ELA_features/branch_lengths.csv,747,1777573907.5514205
feature,direct_transition_long.csv,ELA_features/direct_transition_long.csv,21001,1777573907.5770245
feature,disconnectivity_numeric.csv,ELA_features/disconnectivity_numeric.csv,1581,1777573907.5444207
feature,dwell_events_long.csv,ELA_features/dwell_events_long.csv,87748,1777573907.6537554
feature,dynamics_frequency_long.csv,ELA_features/dynamics_frequency_long.csv,6087,1777573907.5671432
feature,empirical_mfpt_long.csv,ELA_features/empirical_mfpt_long.csv,29305,1777573907.705853
feature,event_basin_occupancy_long.csv,ELA_features/event_basin_occupancy_long.csv,183457,1777573907.8332562
feature,event_state_occupancy_long.csv,ELA_features/event_state_occupancy_long.csv,616623,1777573907.8812861
feature,event_subject_features.csv,ELA_features/event_subject_features.csv,142986,1777573907.7557454
feature,event_subject_features_long.csv,ELA_features/event_subject_features_long.csv,266192,1777573907.812513
feature,event_transition_long.csv,ELA_features/event_transition_long.csv,850354,1777573907.9472818
feature,group_comparison_stats_mergeRenewal.csv,ELA_features/group_comparison_stats_mergeRenewal.csv,68657,1777573909.0926545
feature,h_parameters.csv,ELA_features/h_parameters.csv,61,1777573907.5144212
feature,indirect_transition_long.csv,ELA_features/indirect_transition_long.csv,24195,1777573907.594034
feature,landscape_features.csv,ELA_features/landscape_features.csv,376,1777573907.5584238
feature,local_minima_features.csv,ELA_features/local_minima_features.csv,187,1777573907.536421
feature,minima_transition_long.csv,ELA_features/minima_transition_long.csv,35441,1777573907.6958432
feature,model_summary.json,ELA_features/model_summary.json,6514,1777573907.968453
feature,node_strength.csv,ELA_features/node_strength.csv,460,1777573907.5294204
feature,observed_transition_long.csv,ELA_features/observed_transition_long.csv,50506,1777573907.6848266
feature,pre_during_post_sankey_edges.csv,ELA_features/pre_during_post_sankey_edges.csv,13284,1777573907.9568968
feature,sankey_edges_basin.csv,ELA_features/sankey_edges_basin.csv,670,1777573907.7138298
feature,state_energy_table.csv,ELA_features/state_energy_table.csv,1383,1777573907.6000588
feature,state_occupancy_long.csv,ELA_features/state_occupancy_long.csv,54807,1777573907.6728199
feature,state_space_edges_hamming1.csv,ELA_features/state_space_edges_hamming1.csv,4571,1777573907.7298281
feature,state_space_nodes.csv,ELA_features/state_space_nodes.csv,1383,1777573907.7218523
feature,subject_features_whole_run.csv,ELA_features/subject_features_whole_run.csv,69045,1777573907.6130333
feature,summary_all_features.csv,ELA_features/summary_all_features.csv,211148,1777573907.6390336
feature,summary_long_by_group_task.csv,ELA_features/summary_long_by_group_task.csv,87557,1777573908.4746163
feature,total_transition_long.csv,ELA_features/total_transition_long.csv,21049,1777573907.585034
feature,J_parameters_long.csv,ELA_features_trialblock/J_parameters_long.csv,272,1778393403.5257251
feature,basin_graph.csv,ELA_features_trialblock/basin_graph.csv,299,1778393403.7467668
feature,basin_metadata.csv,ELA_features_trialblock/basin_metadata.csv,90,1778393403.496726
feature,basin_metadata_with_members.csv,ELA_features_trialblock/basin_metadata_with_members.csv,235,1778393403.505726
feature,basin_occupancy_long.csv,ELA_features_trialblock/basin_occupancy_long.csv,8299,1778393403.6657708
feature,basin_role_map.csv,ELA_features_trialblock/basin_role_map.csv,300,1778393403.5117297
feature,branch_lengths.csv,ELA_features_trialblock/branch_lengths.csv,747,1778393403.5517251
feature,direct_transition_long.csv,ELA_features_trialblock/direct_transition_long.csv,21001,1778393403.5737505
feature,disconnectivity_numeric.csv,ELA_features_trialblock/disconnectivity_numeric.csv,1581,1778393403.544726
feature,dwell_events_long.csv,ELA_features_trialblock/dwell_events_long.csv,87748,1778393403.6574714
feature,dynamics_frequency_long.csv,ELA_features_trialblock/dynamics_frequency_long.csv,6087,1778393403.5657303
feature,empirical_mfpt_long.csv,ELA_features_trialblock/empirical_mfpt_long.csv,28237,1778393403.71377
feature,epoch_basin_occupancy_long.csv,ELA_features_trialblock/epoch_basin_occupancy_long.csv,54185,1778393403.9897685
feature,epoch_state_occupancy_long.csv,ELA_features_trialblock/epoch_state_occupancy_long.csv,183055,1778393404.0087693
feature,epoch_subject_features_long.csv,ELA_features_trialblock/epoch_subject_features_long.csv,102402,1778393403.97877
feature,epoch_transition_long.csv,ELA_features_trialblock/epoch_transition_long.csv,244389,1778393404.0317683
feature,event_basin_occupancy_long.csv,ELA_features_trialblock/event_basin_occupancy_long.csv,146539,1778393403.847769
feature,event_state_occupancy_long.csv,ELA_features_trialblock/event_state_occupancy_long.csv,492361,1778393403.8917704
feature,event_subject_features.csv,ELA_features_trialblock/event_subject_features.csv,171942,1778393403.7697692
feature,event_subject_features_long.csv,ELA_features_trialblock/event_subject_features_long.csv,282375,1778393403.8277922
feature,event_transition_long.csv,ELA_features_trialblock/event_transition_long.csv,670515,1778393403.9477696
feature,group_comparison_stats.csv,ELA_features_trialblock/group_comparison_stats.csv,86184,1778393405.464762
feature,group_comparison_stats_by_task.csv,ELA_features_trialblock/group_comparison_stats_by_task.csv,88901,1778393406.2487557
feature,h_parameters.csv,ELA_features_trialblock/h_parameters.csv,61,1778393403.518725
feature,indirect_transition_long.csv,ELA_features_trialblock/indirect_transition_long.csv,24195,1778393403.5907495
feature,landscape_features.csv,ELA_features_trialblock/landscape_features.csv,376,1778393403.5587258
feature,local_minima_features.csv,ELA_features_trialblock/local_minima_features.csv,187,1778393403.5387287
feature,minima_transition_long.csv,ELA_features_trialblock/minima_transition_long.csv,35441,1778393403.7027676
feature,model_summary.json,ELA_features_trialblock/model_summary.json,7644,1778393404.0427647
feature,node_strength.csv,ELA_features_trialblock/node_strength.csv,460,1778393403.5317261
feature,observed_transition_long.csv,ELA_features_trialblock/observed_transition_long.csv,50506,1778393403.690768
feature,pre_during_post_sankey_edges.csv,ELA_features_trialblock/pre_during_post_sankey_edges.csv,13284,1778393403.9557655
feature,sankey_edges_basin.csv,ELA_features_trialblock/sankey_edges_basin.csv,670,1778393403.7217681
feature,state_energy_table.csv,ELA_features_trialblock/state_energy_table.csv,1383,1778393403.5977292
feature,state_occupancy_long.csv,ELA_features_trialblock/state_occupancy_long.csv,54807,1778393403.6777697
feature,state_space_edges_hamming1.csv,ELA_features_trialblock/state_space_edges_hamming1.csv,4571,1778393403.7387671
feature,state_space_nodes.csv,ELA_features_trialblock/state_space_nodes.csv,1383,1778393403.7317915
feature,subject_features_whole_run.csv,ELA_features_trialblock/subject_features_whole_run.csv,76472,1778393403.6117241
feature,summary_all_features.csv,ELA_features_trialblock/summary_all_features.csv,247531,1778393403.6427693
feature,summary_long_by_group_task.csv,ELA_features_trialblock/summary_long_by_group_task.csv,112331,1778393404.679763
feature,task_comparison_stats_screening.csv,ELA_features_trialblock/task_comparison_stats_screening.csv,1,1778393406.2567565
feature,total_transition_long.csv,ELA_features_trialblock/total_transition_long.csv,21049,1778393403.5817518
