file_name,path,suffix,readable,n_rows,n_cols,columns,p_col,q_col,sig_col,min_p,min_q,n_p_lt_0_05,n_q_lt_0_05,n_significant_flag
clinical_spearman_confirmatory.csv,/mnt/d/Thesis Masters/thesis-runs/ELA_run_5ROI/_merged_fit_runs_ela_5ROI/merge_acquisition_ela_5ROI/ELA_features/confirmatory_analysis/clinical_spearman_confirmatory.csv,.csv,True,1078.0,9.0,subset;clinical_variable;feature;n;spearman_rho;p_value;correction_method;p_corrected;reject_corrected,p_value,,,0.0002294910179779,,53.0,,
covariate_models_confirmatory.csv,/mnt/d/Thesis Masters/thesis-runs/ELA_run_5ROI/_merged_fit_runs_ela_5ROI/merge_acquisition_ela_5ROI/ELA_features/confirmatory_analysis/covariate_models_confirmatory.csv,.csv,True,77.0,12.0,feature;formula;term;n;beta;t;p_value;r_squared;adj_r_squared;correction_method;p_corrected;reject_corrected,p_value,,,0.0005766821375421,,29.0,,
covariate_models_confirmatory.csv,/mnt/d/Thesis Masters/thesis-runs/ELA_run_5ROI/_merged_fit_runs_ela_5ROI/merge_acquisition_ela_5ROI/ELA_features/confirmatory_analysis_v3/covariate_models_confirmatory.csv,.csv,True,13.0,22.0,feature;formula;term;n;beta;t;p_value;r_squared;adj_r_squared;matched_pattern;family;task_scope;hypothesis;source;correction_method;p_corrected;reject_corrected;p_bonferroni;reject_bonferroni;p_holm;reject_holm;n_tests_in_scope,p_value,,,0.0033327240638129,,7.0,,
covariate_models_confirmatory.csv,/mnt/d/Thesis Masters/thesis-runs/ELA_run_5ROI/_merged_fit_runs_ela_5ROI/merge_acquisition_ela_5ROI/ELA_features/confirmatory_analysis_v3_notaskfilter/covariate_models_confirmatory.csv,.csv,True,19.0,22.0,feature;formula;term;n;beta;t;p_value;r_squared;adj_r_squared;matched_pattern;family;task_scope;hypothesis;source;correction_method;p_corrected;reject_corrected;p_bonferroni;reject_bonferroni;p_holm;reject_holm;n_tests_in_scope,p_value,,,0.0033327240638129,,7.0,,
primary_results_for_manuscript.csv,/mnt/d/Thesis Masters/thesis-runs/ELA_run_5ROI/_merged_fit_runs_ela_5ROI/merge_acquisition_ela_5ROI/ELA_features/confirmatory_analysis_v3/primary_results_for_manuscript.csv,.csv,True,10.0,35.0,result_type;analysis;task_scope;task;clinical_scope;clinical_variable;feature;term;test;n;n_group1;n_group2;mean_group1;mean_group2;delta_mean_group1_minus_group2;median_group1;median_group2;spearman_rho;beta;t;statistic;cohen_d_group1_minus_group2;cliffs_delta_group1_minus_group2;p_value;p_corrected;reject_corrected;p_bonferroni;reject_bonferroni;p_holm;reject_holm;correction_method;n_tests_in_scope;family;hypothesis;manuscript_note,p_value,,,0.0033327240638129,,10.0,,
primary_results_for_manuscript.csv,/mnt/d/Thesis Masters/thesis-runs/ELA_run_5ROI/_merged_fit_runs_ela_5ROI/merge_acquisition_ela_5ROI/ELA_features/confirmatory_analysis_v3_notaskfilter/primary_results_for_manuscript.csv,.csv,True,12.0,35.0,result_type;analysis;task_scope;task;clinical_scope;clinical_variable;feature;term;test;n;n_group1;n_group2;mean_group1;mean_group2;delta_mean_group1_minus_group2;median_group1;median_group2;spearman_rho;beta;t;statistic;cohen_d_group1_minus_group2;cliffs_delta_group1_minus_group2;p_value;p_corrected;reject_corrected;p_bonferroni;reject_bonferroni;p_holm;reject_holm;correction_method;n_tests_in_scope;family;hypothesis;manuscript_note,p_value,,,0.0033327240638129,,12.0,,
clinical_spearman_confirmatory.csv,/mnt/d/Thesis Masters/thesis-runs/ELA_run_5ROI/_merged_fit_runs_ela_5ROI/merge_acquisition_ela_5ROI/ELA_features/confirmatory_analysis_v3/clinical_spearman_confirmatory.csv,.csv,True,182.0,22.0,task_scope;task;clinical_scope;subset;clinical_variable;feature;n;spearman_rho;p_value;matched_pattern;family;feature_task_scope;hypothesis;source;correction_method;p_corrected;reject_corrected;p_bonferroni;reject_bonferroni;p_holm;reject_holm;n_tests_in_scope,p_value,,,0.0084095988979237,,11.0,,
clinical_spearman_confirmatory.csv,/mnt/d/Thesis Masters/thesis-runs/ELA_run_5ROI/_merged_fit_runs_ela_5ROI/merge_acquisition_ela_5ROI/ELA_features/confirmatory_analysis_v3_notaskfilter/clinical_spearman_confirmatory.csv,.csv,True,266.0,22.0,task_scope;task;clinical_scope;subset;clinical_variable;feature;n;spearman_rho;p_value;matched_pattern;family;feature_task_scope;hypothesis;source;correction_method;p_corrected;reject_corrected;p_bonferroni;reject_bonferroni;p_holm;reject_holm;n_tests_in_scope,p_value,,,0.0084095988979237,,14.0,,
group_tests_confirmatory.csv,/mnt/d/Thesis Masters/thesis-runs/ELA_run_5ROI/_merged_fit_runs_ela_5ROI/merge_acquisition_ela_5ROI/ELA_features/confirmatory_analysis_v3/group_tests_confirmatory.csv,.csv,True,13.0,29.0,analysis;feature;test;n_group1;n_group2;group1;group2;mean_group1;mean_group2;median_group1;median_group2;delta_mean_group1_minus_group2;statistic;p_value;cohen_d_group1_minus_group2;cliffs_delta_group1_minus_group2;matched_pattern;family;task_scope;hypothesis;source;correction_method;p_corrected;reject_corrected;p_bonferroni;reject_bonferroni;p_holm;reject_holm;n_tests_in_scope,p_value,,,0.0153898670630786,,3.0,,
group_tests_confirmatory.csv,/mnt/d/Thesis Masters/thesis-runs/ELA_run_5ROI/_merged_fit_runs_ela_5ROI/merge_acquisition_ela_5ROI/ELA_features/confirmatory_analysis_v3_notaskfilter/group_tests_confirmatory.csv,.csv,True,19.0,29.0,analysis;feature;test;n_group1;n_group2;group1;group2;mean_group1;mean_group2;median_group1;median_group2;delta_mean_group1_minus_group2;statistic;p_value;cohen_d_group1_minus_group2;cliffs_delta_group1_minus_group2;matched_pattern;family;task_scope;hypothesis;source;correction_method;p_corrected;reject_corrected;p_bonferroni;reject_bonferroni;p_holm;reject_holm;n_tests_in_scope,p_value,,,0.0153898670630786,,3.0,,
group_tests_confirmatory.csv,/mnt/d/Thesis Masters/thesis-runs/ELA_run_5ROI/_merged_fit_runs_ela_5ROI/merge_acquisition_ela_5ROI/ELA_features/confirmatory_analysis/group_tests_confirmatory.csv,.csv,True,77.0,19.0,analysis;feature;test;n_group1;n_group2;group1;group2;mean_group1;mean_group2;median_group1;median_group2;delta_mean_group1_minus_group2;statistic;p_value;cohen_d_group1_minus_group2;cliffs_delta_group1_minus_group2;correction_method;p_corrected;reject_corrected,p_value,,,0.0153898670630786,,6.0,,
group_tests_by_task_confirmatory.csv,/mnt/d/Thesis Masters/thesis-runs/ELA_run_5ROI/_merged_fit_runs_ela_5ROI/merge_acquisition_ela_5ROI/ELA_features/confirmatory_analysis/group_tests_by_task_confirmatory.csv,.csv,False,,,,,,,,,,,
merged_confirmatory_dataset.csv,/mnt/d/Thesis Masters/thesis-runs/ELA_run_5ROI/_merged_fit_runs_ela_5ROI/merge_acquisition_ela_5ROI/ELA_features/confirmatory_analysis/merged_confirmatory_dataset.csv,.csv,True,48.0,297.0,subject;group;task;dyn_Frequency_of_B1;dyn_Frequency_of_B2;dyn_Frequency_of_B3;dyn_Frequency_of_B4;dyn_Direct_transitions_from_B1_to_B2;dyn_Direct_transitions_from_B1_to_B3;dyn_Direct_transitions_from_B1_to_B4;dyn_Direct_transitions_from_B2_to_B1;dyn_Direct_transitions_from_B2_to_B3;dyn_Direct_transitions_from_B2_to_B4;dyn_Direct_transitions_from_B3_to_B1;dyn_Direct_transitions_from_B3_to_B2;dyn_Direct_transitions_from_B3_to_B4;dyn_Direct_transitions_from_B4_to_B1;dyn_Direct_transitions_from_B4_to_B2;dyn_Direct_transitions_from_B4_to_B3;dyn_Transitions_from_B1_to_B2;dyn_Transitions_from_B1_to_B3;dyn_Transitions_from_B1_to_B4;dyn_Transitions_from_B2_to_B1;dyn_Transitions_from_B2_to_B3;dyn_Transitions_from_B2_to_B4;dyn_Transitions_from_B3_to_B1;dyn_Transitions_from_B3_to_B2;dyn_Transitions_from_B3_to_B4;dyn_Transitions_from_B4_to_B1;dyn_Transitions_from_B4_to_B2;dyn_Transitions_from_B4_to_B3;session;source_BN_file;source_SN_file;n_tr;n_unique_basins;n_unique_states;state_coverage;basin_entropy;state_entropy;basin_switch_rate;state_switch_rate;obs_freq_B1;obs_freq_B2;obs_freq_B3;obs_freq_B4;dwell_mean_B1;dwell_max_B1;dwell_mean_B2;dwell_max_B2;dwell_mean_B3;dwell_max_B3;dwell_mean_B4;dwell_max_B4;major_basin_transition_rate_TR_A_to_Aprime;peripheral_transition_rate_TR_P_to_Pprime;traveling_score_TR_AA_over_TR_PP;staying_rate_major_SR_A_to_A;staying_rate_peripheral_SR_P_to_P;lingering_score_SR_AA_plus_SR_PP;major_to_peripheral_rate;peripheral_to_major_rate;within_major_rate_including_stay;within_peripheral_rate_including_stay;major_basins_used;mfpt_B1_to_B2;mfpt_B1_to_B3;mfpt_B1_to_B4;mfpt_B2_to_B1;mfpt_B2_to_B3;mfpt_B2_to_B4;mfpt_B3_to_B1;mfpt_B3_to_B2;mfpt_B3_to_B4;mfpt_B4_to_B1;mfpt_B4_to_B2;mfpt_B4_to_B3;obs_trans_prob_B1_to_B1;obs_trans_prob_B1_to_B2;obs_trans_prob_B1_to_B3;obs_trans_prob_B1_to_B4;obs_trans_prob_B2_to_B1;obs_trans_prob_B2_to_B2;obs_trans_prob_B2_to_B3;obs_trans_prob_B2_to_B4;obs_trans_prob_B3_to_B1;obs_trans_prob_B3_to_B2;obs_trans_prob_B3_to_B3;obs_trans_prob_B3_to_B4;obs_trans_prob_B4_to_B1;obs_trans_prob_B4_to_B2;obs_trans_prob_B4_to_B3;obs_trans_prob_B4_to_B4;n_event_tr;event_trial_type_onset__ITI_freq_B1;event_trial_type_onset__ITI_freq_B2;event_trial_type_onset__ITI_freq_B3;event_trial_type_onset__ITI_freq_B4;event_trial_type_onset__ITI_n_transition_starts;event_trial_type_onset__ITI_basin_switch_rate_nextTR;event_trial_type_onset__ITI_major_basin_transition_rate_TR_A_to_Aprime;event_trial_type_onset__ITI_peripheral_transition_rate_TR_P_to_Pprime;event_trial_type_onset__ITI_traveling_score_TR_AA_over_TR_PP;event_trial_type_onset__ITI_staying_rate_major_SR_A_to_A;event_trial_type_onset__ITI_staying_rate_peripheral_SR_P_to_P;event_trial_type_onset__ITI_lingering_score_SR_AA_plus_SR_PP;event_trial_type_onset__ITI_major_to_peripheral_rate;event_trial_type_onset__ITI_peripheral_to_major_rate;event_trial_type_onset__ITI_within_major_rate_including_stay;event_trial_type_onset__ITI_within_peripheral_rate_including_stay;event_trial_type_onset__CSplus_freq_B1;event_trial_type_onset__CSplus_freq_B2;event_trial_type_onset__CSplus_freq_B3;event_trial_type_onset__CSplus_freq_B4;event_trial_type_onset__CSplus_n_transition_starts;event_trial_type_onset__CSplus_basin_switch_rate_nextTR;event_trial_type_onset__CSplus_major_basin_transition_rate_TR_A_to_Aprime;event_trial_type_onset__CSplus_peripheral_transition_rate_TR_P_to_Pprime;event_trial_type_onset__CSplus_traveling_score_TR_AA_over_TR_PP;event_trial_type_onset__CSplus_staying_rate_major_SR_A_to_A;event_trial_type_onset__CSplus_staying_rate_peripheral_SR_P_to_P;event_trial_type_onset__CSplus_lingering_score_SR_AA_plus_SR_PP;event_trial_type_onset__CSplus_major_to_peripheral_rate;event_trial_type_onset__CSplus_peripheral_to_major_rate;event_trial_type_onset__CSplus_within_major_rate_including_stay;event_trial_type_onset__CSplus_within_peripheral_rate_including_stay;event_trial_type_onset__CSminus_freq_B1;event_trial_type_onset__CSminus_freq_B2;event_trial_type_onset__CSminus_freq_B3;event_trial_type_onset__CSminus_freq_B4;event_trial_type_onset__CSminus_n_transition_starts;event_trial_type_onset__CSminus_basin_switch_rate_nextTR;event_trial_type_onset__CSminus_major_basin_transition_rate_TR_A_to_Aprime;event_trial_type_onset__CSminus_peripheral_transition_rate_TR_P_to_Pprime;event_trial_type_onset__CSminus_traveling_score_TR_AA_over_TR_PP;event_trial_type_onset__CSminus_staying_rate_major_SR_A_to_A;event_trial_type_onset__CSminus_staying_rate_peripheral_SR_P_to_P;event_trial_type_onset__CSminus_lingering_score_SR_AA_plus_SR_PP;event_trial_type_onset__CSminus_major_to_peripheral_rate;event_trial_type_onset__CSminus_peripheral_to_major_rate;event_trial_type_onset__CSminus_within_major_rate_including_stay;event_trial_type_onset__CSminus_within_peripheral_rate_including_stay;event_trial_type_hrf2__ITI_freq_B1;event_trial_type_hrf2__ITI_freq_B2;event_trial_type_hrf2__ITI_freq_B3;event_trial_type_hrf2__ITI_freq_B4;event_trial_type_hrf2__ITI_n_transition_starts;event_trial_type_hrf2__ITI_basin_switch_rate_nextTR;event_trial_type_hrf2__ITI_major_basin_transition_rate_TR_A_to_Aprime;event_trial_type_hrf2__ITI_peripheral_transition_rate_TR_P_to_Pprime;event_trial_type_hrf2__ITI_traveling_score_TR_AA_over_TR_PP;event_trial_type_hrf2__ITI_staying_rate_major_SR_A_to_A;event_trial_type_hrf2__ITI_staying_rate_peripheral_SR_P_to_P;event_trial_type_hrf2__ITI_lingering_score_SR_AA_plus_SR_PP;event_trial_type_hrf2__ITI_major_to_peripheral_rate;event_trial_type_hrf2__ITI_peripheral_to_major_rate;event_trial_type_hrf2__ITI_within_major_rate_including_stay;event_trial_type_hrf2__ITI_within_peripheral_rate_including_stay;event_trial_type_hrf2__CSplus_freq_B1;event_trial_type_hrf2__CSplus_freq_B2;event_trial_type_hrf2__CSplus_freq_B3;event_trial_type_hrf2__CSplus_freq_B4;event_trial_type_hrf2__CSplus_n_transition_starts;event_trial_type_hrf2__CSplus_basin_switch_rate_nextTR;event_trial_type_hrf2__CSplus_major_basin_transition_rate_TR_A_to_Aprime;event_trial_type_hrf2__CSplus_peripheral_transition_rate_TR_P_to_Pprime;event_trial_type_hrf2__CSplus_traveling_score_TR_AA_over_TR_PP;event_trial_type_hrf2__CSplus_staying_rate_major_SR_A_to_A;event_trial_type_hrf2__CSplus_staying_rate_peripheral_SR_P_to_P;event_trial_type_hrf2__CSplus_lingering_score_SR_AA_plus_SR_PP;event_trial_type_hrf2__CSplus_major_to_peripheral_rate;event_trial_type_hrf2__CSplus_peripheral_to_major_rate;event_trial_type_hrf2__CSplus_within_major_rate_including_stay;event_trial_type_hrf2__CSplus_within_peripheral_rate_including_stay;event_trial_type_hrf2__CSminus_freq_B1;event_trial_type_hrf2__CSminus_freq_B2;event_trial_type_hrf2__CSminus_freq_B3;event_trial_type_hrf2__CSminus_freq_B4;event_trial_type_hrf2__CSminus_n_transition_starts;event_trial_type_hrf2__CSminus_basin_switch_rate_nextTR;event_trial_type_hrf2__CSminus_major_basin_transition_rate_TR_A_to_Aprime;event_trial_type_hrf2__CSminus_peripheral_transition_rate_TR_P_to_Pprime;event_trial_type_hrf2__CSminus_traveling_score_TR_AA_over_TR_PP;event_trial_type_hrf2__CSminus_staying_rate_major_SR_A_to_A;event_trial_type_hrf2__CSminus_staying_rate_peripheral_SR_P_to_P;event_trial_type_hrf2__CSminus_lingering_score_SR_AA_plus_SR_PP;event_trial_type_hrf2__CSminus_major_to_peripheral_rate;event_trial_type_hrf2__CSminus_peripheral_to_major_rate;event_trial_type_hrf2__CSminus_within_major_rate_including_stay;event_trial_type_hrf2__CSminus_within_peripheral_rate_including_stay;event_trial_type_hrf4__ITI_freq_B1;event_trial_type_hrf4__ITI_freq_B2;event_trial_type_hrf4__ITI_freq_B3;event_trial_type_hrf4__ITI_freq_B4;event_trial_type_hrf4__ITI_n_transition_starts;event_trial_type_hrf4__ITI_basin_switch_rate_nextTR;event_trial_type_hrf4__ITI_major_basin_transition_rate_TR_A_to_Aprime;event_trial_type_hrf4__ITI_peripheral_transition_rate_TR_P_to_Pprime;event_trial_type_hrf4__ITI_traveling_score_TR_AA_over_TR_PP;event_trial_type_hrf4__ITI_staying_rate_major_SR_A_to_A;event_trial_type_hrf4__ITI_staying_rate_peripheral_SR_P_to_P;event_trial_type_hrf4__ITI_lingering_score_SR_AA_plus_SR_PP;event_trial_type_hrf4__ITI_major_to_peripheral_rate;event_trial_type_hrf4__ITI_peripheral_to_major_rate;event_trial_type_hrf4__ITI_within_major_rate_including_stay;event_trial_type_hrf4__ITI_within_peripheral_rate_including_stay;event_trial_type_hrf4__CSplus_freq_B1;event_trial_type_hrf4__CSplus_freq_B2;event_trial_type_hrf4__CSplus_freq_B3;event_trial_type_hrf4__CSplus_freq_B4;event_trial_type_hrf4__CSplus_n_transition_starts;event_trial_type_hrf4__CSplus_basin_switch_rate_nextTR;event_trial_type_hrf4__CSplus_major_basin_transition_rate_TR_A_to_Aprime;event_trial_type_hrf4__CSplus_peripheral_transition_rate_TR_P_to_Pprime;event_trial_type_hrf4__CSplus_traveling_score_TR_AA_over_TR_PP;event_trial_type_hrf4__CSplus_staying_rate_major_SR_A_to_A;event_trial_type_hrf4__CSplus_staying_rate_peripheral_SR_P_to_P;event_trial_type_hrf4__CSplus_lingering_score_SR_AA_plus_SR_PP;event_trial_type_hrf4__CSplus_major_to_peripheral_rate;event_trial_type_hrf4__CSplus_peripheral_to_major_rate;event_trial_type_hrf4__CSplus_within_major_rate_including_stay;event_trial_type_hrf4__CSplus_within_peripheral_rate_including_stay;event_trial_type_hrf4__CSminus_freq_B1;event_trial_type_hrf4__CSminus_freq_B2;event_trial_type_hrf4__CSminus_freq_B3;event_trial_type_hrf4__CSminus_freq_B4;event_trial_type_hrf4__CSminus_n_transition_starts;event_trial_type_hrf4__CSminus_basin_switch_rate_nextTR;event_trial_type_hrf4__CSminus_major_basin_transition_rate_TR_A_to_Aprime;event_trial_type_hrf4__CSminus_peripheral_transition_rate_TR_P_to_Pprime;event_trial_type_hrf4__CSminus_traveling_score_TR_AA_over_TR_PP;event_trial_type_hrf4__CSminus_staying_rate_major_SR_A_to_A;event_trial_type_hrf4__CSminus_staying_rate_peripheral_SR_P_to_P;event_trial_type_hrf4__CSminus_lingering_score_SR_AA_plus_SR_PP;event_trial_type_hrf4__CSminus_major_to_peripheral_rate;event_trial_type_hrf4__CSminus_peripheral_to_major_rate;event_trial_type_hrf4__CSminus_within_major_rate_including_stay;event_trial_type_hrf4__CSminus_within_peripheral_rate_including_stay;event_trial_type_hrf6__ITI_freq_B1;event_trial_type_hrf6__ITI_freq_B2;event_trial_type_hrf6__ITI_freq_B3;event_trial_type_hrf6__ITI_freq_B4;event_trial_type_hrf6__ITI_n_transition_starts;event_trial_type_hrf6__ITI_basin_switch_rate_nextTR;event_trial_type_hrf6__ITI_major_basin_transition_rate_TR_A_to_Aprime;event_trial_type_hrf6__ITI_peripheral_transition_rate_TR_P_to_Pprime;event_trial_type_hrf6__ITI_traveling_score_TR_AA_over_TR_PP;event_trial_type_hrf6__ITI_staying_rate_major_SR_A_to_A;event_trial_type_hrf6__ITI_staying_rate_peripheral_SR_P_to_P;event_trial_type_hrf6__ITI_lingering_score_SR_AA_plus_SR_PP;event_trial_type_hrf6__ITI_major_to_peripheral_rate;event_trial_type_hrf6__ITI_peripheral_to_major_rate;event_trial_type_hrf6__ITI_within_major_rate_including_stay;event_trial_type_hrf6__ITI_within_peripheral_rate_including_stay;event_trial_type_hrf6__CSplus_freq_B1;event_trial_type_hrf6__CSplus_freq_B2;event_trial_type_hrf6__CSplus_freq_B3;event_trial_type_hrf6__CSplus_freq_B4;event_trial_type_hrf6__CSplus_n_transition_starts;event_trial_type_hrf6__CSplus_basin_switch_rate_nextTR;event_trial_type_hrf6__CSplus_major_basin_transition_rate_TR_A_to_Aprime;event_trial_type_hrf6__CSplus_peripheral_transition_rate_TR_P_to_Pprime;event_trial_type_hrf6__CSplus_traveling_score_TR_AA_over_TR_PP;event_trial_type_hrf6__CSplus_staying_rate_major_SR_A_to_A;event_trial_type_hrf6__CSplus_staying_rate_peripheral_SR_P_to_P;event_trial_type_hrf6__CSplus_lingering_score_SR_AA_plus_SR_PP;event_trial_type_hrf6__CSplus_major_to_peripheral_rate;event_trial_type_hrf6__CSplus_peripheral_to_major_rate;event_trial_type_hrf6__CSplus_within_major_rate_including_stay;event_trial_type_hrf6__CSplus_within_peripheral_rate_including_stay;event_trial_type_hrf6__CSminus_freq_B1;event_trial_type_hrf6__CSminus_freq_B2;event_trial_type_hrf6__CSminus_freq_B3;event_trial_type_hrf6__CSminus_freq_B4;event_trial_type_hrf6__CSminus_n_transition_starts;event_trial_type_hrf6__CSminus_basin_switch_rate_nextTR;event_trial_type_hrf6__CSminus_major_basin_transition_rate_TR_A_to_Aprime;event_trial_type_hrf6__CSminus_peripheral_transition_rate_TR_P_to_Pprime;event_trial_type_hrf6__CSminus_traveling_score_TR_AA_over_TR_PP;event_trial_type_hrf6__CSminus_staying_rate_major_SR_A_to_A;event_trial_type_hrf6__CSminus_staying_rate_peripheral_SR_P_to_P;event_trial_type_hrf6__CSminus_lingering_score_SR_AA_plus_SR_PP;event_trial_type_hrf6__CSminus_major_to_peripheral_rate;event_trial_type_hrf6__CSminus_peripheral_to_major_rate;event_trial_type_hrf6__CSminus_within_major_rate_including_stay;event_trial_type_hrf6__CSminus_within_peripheral_rate_including_stay;subject_norm;participant_id;participants_group;age;sex;ethnicity;IUS;SAI_pre;BDI;BAI_pre;PCL,,,,,,,,
selected_confirmatory_features.csv,/mnt/d/Thesis Masters/thesis-runs/ELA_run_5ROI/_merged_fit_runs_ela_5ROI/merge_acquisition_ela_5ROI/ELA_features/confirmatory_analysis/selected_confirmatory_features.csv,.csv,True,77.0,2.0,feature;matched_pattern,,,,,,,,
feature_specs_used.csv,/mnt/d/Thesis Masters/thesis-runs/ELA_run_5ROI/_merged_fit_runs_ela_5ROI/merge_acquisition_ela_5ROI/ELA_features/confirmatory_analysis_v3/feature_specs_used.csv,.csv,True,18.0,5.0,pattern;family;task_scope;hypothesis;source,,,,,,,,
group_tests_by_task_confirmatory.csv,/mnt/d/Thesis Masters/thesis-runs/ELA_run_5ROI/_merged_fit_runs_ela_5ROI/merge_acquisition_ela_5ROI/ELA_features/confirmatory_analysis_v3/group_tests_by_task_confirmatory.csv,.csv,False,,,,,,,,,,,
merged_confirmatory_dataset.csv,/mnt/d/Thesis Masters/thesis-runs/ELA_run_5ROI/_merged_fit_runs_ela_5ROI/merge_acquisition_ela_5ROI/ELA_features/confirmatory_analysis_v3/merged_confirmatory_dataset.csv,.csv,True,48.0,297.0,subject;group;task;dyn_Frequency_of_B1;dyn_Frequency_of_B2;dyn_Frequency_of_B3;dyn_Frequency_of_B4;dyn_Direct_transitions_from_B1_to_B2;dyn_Direct_transitions_from_B1_to_B3;dyn_Direct_transitions_from_B1_to_B4;dyn_Direct_transitions_from_B2_to_B1;dyn_Direct_transitions_from_B2_to_B3;dyn_Direct_transitions_from_B2_to_B4;dyn_Direct_transitions_from_B3_to_B1;dyn_Direct_transitions_from_B3_to_B2;dyn_Direct_transitions_from_B3_to_B4;dyn_Direct_transitions_from_B4_to_B1;dyn_Direct_transitions_from_B4_to_B2;dyn_Direct_transitions_from_B4_to_B3;dyn_Transitions_from_B1_to_B2;dyn_Transitions_from_B1_to_B3;dyn_Transitions_from_B1_to_B4;dyn_Transitions_from_B2_to_B1;dyn_Transitions_from_B2_to_B3;dyn_Transitions_from_B2_to_B4;dyn_Transitions_from_B3_to_B1;dyn_Transitions_from_B3_to_B2;dyn_Transitions_from_B3_to_B4;dyn_Transitions_from_B4_to_B1;dyn_Transitions_from_B4_to_B2;dyn_Transitions_from_B4_to_B3;session;source_BN_file;source_SN_file;n_tr;n_unique_basins;n_unique_states;state_coverage;basin_entropy;state_entropy;basin_switch_rate;state_switch_rate;obs_freq_B1;obs_freq_B2;obs_freq_B3;obs_freq_B4;dwell_mean_B1;dwell_max_B1;dwell_mean_B2;dwell_max_B2;dwell_mean_B3;dwell_max_B3;dwell_mean_B4;dwell_max_B4;major_basin_transition_rate_TR_A_to_Aprime;peripheral_transition_rate_TR_P_to_Pprime;traveling_score_TR_AA_over_TR_PP;staying_rate_major_SR_A_to_A;staying_rate_peripheral_SR_P_to_P;lingering_score_SR_AA_plus_SR_PP;major_to_peripheral_rate;peripheral_to_major_rate;within_major_rate_including_stay;within_peripheral_rate_including_stay;major_basins_used;mfpt_B1_to_B2;mfpt_B1_to_B3;mfpt_B1_to_B4;mfpt_B2_to_B1;mfpt_B2_to_B3;mfpt_B2_to_B4;mfpt_B3_to_B1;mfpt_B3_to_B2;mfpt_B3_to_B4;mfpt_B4_to_B1;mfpt_B4_to_B2;mfpt_B4_to_B3;obs_trans_prob_B1_to_B1;obs_trans_prob_B1_to_B2;obs_trans_prob_B1_to_B3;obs_trans_prob_B1_to_B4;obs_trans_prob_B2_to_B1;obs_trans_prob_B2_to_B2;obs_trans_prob_B2_to_B3;obs_trans_prob_B2_to_B4;obs_trans_prob_B3_to_B1;obs_trans_prob_B3_to_B2;obs_trans_prob_B3_to_B3;obs_trans_prob_B3_to_B4;obs_trans_prob_B4_to_B1;obs_trans_prob_B4_to_B2;obs_trans_prob_B4_to_B3;obs_trans_prob_B4_to_B4;n_event_tr;event_trial_type_onset__ITI_freq_B1;event_trial_type_onset__ITI_freq_B2;event_trial_type_onset__ITI_freq_B3;event_trial_type_onset__ITI_freq_B4;event_trial_type_onset__ITI_n_transition_starts;event_trial_type_onset__ITI_basin_switch_rate_nextTR;event_trial_type_onset__ITI_major_basin_transition_rate_TR_A_to_Aprime;event_trial_type_onset__ITI_peripheral_transition_rate_TR_P_to_Pprime;event_trial_type_onset__ITI_traveling_score_TR_AA_over_TR_PP;event_trial_type_onset__ITI_staying_rate_major_SR_A_to_A;event_trial_type_onset__ITI_staying_rate_peripheral_SR_P_to_P;event_trial_type_onset__ITI_lingering_score_SR_AA_plus_SR_PP;event_trial_type_onset__ITI_major_to_peripheral_rate;event_trial_type_onset__ITI_peripheral_to_major_rate;event_trial_type_onset__ITI_within_major_rate_including_stay;event_trial_type_onset__ITI_within_peripheral_rate_including_stay;event_trial_type_onset__CSplus_freq_B1;event_trial_type_onset__CSplus_freq_B2;event_trial_type_onset__CSplus_freq_B3;event_trial_type_onset__CSplus_freq_B4;event_trial_type_onset__CSplus_n_transition_starts;event_trial_type_onset__CSplus_basin_switch_rate_nextTR;event_trial_type_onset__CSplus_major_basin_transition_rate_TR_A_to_Aprime;event_trial_type_onset__CSplus_peripheral_transition_rate_TR_P_to_Pprime;event_trial_type_onset__CSplus_traveling_score_TR_AA_over_TR_PP;event_trial_type_onset__CSplus_staying_rate_major_SR_A_to_A;event_trial_type_onset__CSplus_staying_rate_peripheral_SR_P_to_P;event_trial_type_onset__CSplus_lingering_score_SR_AA_plus_SR_PP;event_trial_type_onset__CSplus_major_to_peripheral_rate;event_trial_type_onset__CSplus_peripheral_to_major_rate;event_trial_type_onset__CSplus_within_major_rate_including_stay;event_trial_type_onset__CSplus_within_peripheral_rate_including_stay;event_trial_type_onset__CSminus_freq_B1;event_trial_type_onset__CSminus_freq_B2;event_trial_type_onset__CSminus_freq_B3;event_trial_type_onset__CSminus_freq_B4;event_trial_type_onset__CSminus_n_transition_starts;event_trial_type_onset__CSminus_basin_switch_rate_nextTR;event_trial_type_onset__CSminus_major_basin_transition_rate_TR_A_to_Aprime;event_trial_type_onset__CSminus_peripheral_transition_rate_TR_P_to_Pprime;event_trial_type_onset__CSminus_traveling_score_TR_AA_over_TR_PP;event_trial_type_onset__CSminus_staying_rate_major_SR_A_to_A;event_trial_type_onset__CSminus_staying_rate_peripheral_SR_P_to_P;event_trial_type_onset__CSminus_lingering_score_SR_AA_plus_SR_PP;event_trial_type_onset__CSminus_major_to_peripheral_rate;event_trial_type_onset__CSminus_peripheral_to_major_rate;event_trial_type_onset__CSminus_within_major_rate_including_stay;event_trial_type_onset__CSminus_within_peripheral_rate_including_stay;event_trial_type_hrf2__ITI_freq_B1;event_trial_type_hrf2__ITI_freq_B2;event_trial_type_hrf2__ITI_freq_B3;event_trial_type_hrf2__ITI_freq_B4;event_trial_type_hrf2__ITI_n_transition_starts;event_trial_type_hrf2__ITI_basin_switch_rate_nextTR;event_trial_type_hrf2__ITI_major_basin_transition_rate_TR_A_to_Aprime;event_trial_type_hrf2__ITI_peripheral_transition_rate_TR_P_to_Pprime;event_trial_type_hrf2__ITI_traveling_score_TR_AA_over_TR_PP;event_trial_type_hrf2__ITI_staying_rate_major_SR_A_to_A;event_trial_type_hrf2__ITI_staying_rate_peripheral_SR_P_to_P;event_trial_type_hrf2__ITI_lingering_score_SR_AA_plus_SR_PP;event_trial_type_hrf2__ITI_major_to_peripheral_rate;event_trial_type_hrf2__ITI_peripheral_to_major_rate;event_trial_type_hrf2__ITI_within_major_rate_including_stay;event_trial_type_hrf2__ITI_within_peripheral_rate_including_stay;event_trial_type_hrf2__CSplus_freq_B1;event_trial_type_hrf2__CSplus_freq_B2;event_trial_type_hrf2__CSplus_freq_B3;event_trial_type_hrf2__CSplus_freq_B4;event_trial_type_hrf2__CSplus_n_transition_starts;event_trial_type_hrf2__CSplus_basin_switch_rate_nextTR;event_trial_type_hrf2__CSplus_major_basin_transition_rate_TR_A_to_Aprime;event_trial_type_hrf2__CSplus_peripheral_transition_rate_TR_P_to_Pprime;event_trial_type_hrf2__CSplus_traveling_score_TR_AA_over_TR_PP;event_trial_type_hrf2__CSplus_staying_rate_major_SR_A_to_A;event_trial_type_hrf2__CSplus_staying_rate_peripheral_SR_P_to_P;event_trial_type_hrf2__CSplus_lingering_score_SR_AA_plus_SR_PP;event_trial_type_hrf2__CSplus_major_to_peripheral_rate;event_trial_type_hrf2__CSplus_peripheral_to_major_rate;event_trial_type_hrf2__CSplus_within_major_rate_including_stay;event_trial_type_hrf2__CSplus_within_peripheral_rate_including_stay;event_trial_type_hrf2__CSminus_freq_B1;event_trial_type_hrf2__CSminus_freq_B2;event_trial_type_hrf2__CSminus_freq_B3;event_trial_type_hrf2__CSminus_freq_B4;event_trial_type_hrf2__CSminus_n_transition_starts;event_trial_type_hrf2__CSminus_basin_switch_rate_nextTR;event_trial_type_hrf2__CSminus_major_basin_transition_rate_TR_A_to_Aprime;event_trial_type_hrf2__CSminus_peripheral_transition_rate_TR_P_to_Pprime;event_trial_type_hrf2__CSminus_traveling_score_TR_AA_over_TR_PP;event_trial_type_hrf2__CSminus_staying_rate_major_SR_A_to_A;event_trial_type_hrf2__CSminus_staying_rate_peripheral_SR_P_to_P;event_trial_type_hrf2__CSminus_lingering_score_SR_AA_plus_SR_PP;event_trial_type_hrf2__CSminus_major_to_peripheral_rate;event_trial_type_hrf2__CSminus_peripheral_to_major_rate;event_trial_type_hrf2__CSminus_within_major_rate_including_stay;event_trial_type_hrf2__CSminus_within_peripheral_rate_including_stay;event_trial_type_hrf4__ITI_freq_B1;event_trial_type_hrf4__ITI_freq_B2;event_trial_type_hrf4__ITI_freq_B3;event_trial_type_hrf4__ITI_freq_B4;event_trial_type_hrf4__ITI_n_transition_starts;event_trial_type_hrf4__ITI_basin_switch_rate_nextTR;event_trial_type_hrf4__ITI_major_basin_transition_rate_TR_A_to_Aprime;event_trial_type_hrf4__ITI_peripheral_transition_rate_TR_P_to_Pprime;event_trial_type_hrf4__ITI_traveling_score_TR_AA_over_TR_PP;event_trial_type_hrf4__ITI_staying_rate_major_SR_A_to_A;event_trial_type_hrf4__ITI_staying_rate_peripheral_SR_P_to_P;event_trial_type_hrf4__ITI_lingering_score_SR_AA_plus_SR_PP;event_trial_type_hrf4__ITI_major_to_peripheral_rate;event_trial_type_hrf4__ITI_peripheral_to_major_rate;event_trial_type_hrf4__ITI_within_major_rate_including_stay;event_trial_type_hrf4__ITI_within_peripheral_rate_including_stay;event_trial_type_hrf4__CSplus_freq_B1;event_trial_type_hrf4__CSplus_freq_B2;event_trial_type_hrf4__CSplus_freq_B3;event_trial_type_hrf4__CSplus_freq_B4;event_trial_type_hrf4__CSplus_n_transition_starts;event_trial_type_hrf4__CSplus_basin_switch_rate_nextTR;event_trial_type_hrf4__CSplus_major_basin_transition_rate_TR_A_to_Aprime;event_trial_type_hrf4__CSplus_peripheral_transition_rate_TR_P_to_Pprime;event_trial_type_hrf4__CSplus_traveling_score_TR_AA_over_TR_PP;event_trial_type_hrf4__CSplus_staying_rate_major_SR_A_to_A;event_trial_type_hrf4__CSplus_staying_rate_peripheral_SR_P_to_P;event_trial_type_hrf4__CSplus_lingering_score_SR_AA_plus_SR_PP;event_trial_type_hrf4__CSplus_major_to_peripheral_rate;event_trial_type_hrf4__CSplus_peripheral_to_major_rate;event_trial_type_hrf4__CSplus_within_major_rate_including_stay;event_trial_type_hrf4__CSplus_within_peripheral_rate_including_stay;event_trial_type_hrf4__CSminus_freq_B1;event_trial_type_hrf4__CSminus_freq_B2;event_trial_type_hrf4__CSminus_freq_B3;event_trial_type_hrf4__CSminus_freq_B4;event_trial_type_hrf4__CSminus_n_transition_starts;event_trial_type_hrf4__CSminus_basin_switch_rate_nextTR;event_trial_type_hrf4__CSminus_major_basin_transition_rate_TR_A_to_Aprime;event_trial_type_hrf4__CSminus_peripheral_transition_rate_TR_P_to_Pprime;event_trial_type_hrf4__CSminus_traveling_score_TR_AA_over_TR_PP;event_trial_type_hrf4__CSminus_staying_rate_major_SR_A_to_A;event_trial_type_hrf4__CSminus_staying_rate_peripheral_SR_P_to_P;event_trial_type_hrf4__CSminus_lingering_score_SR_AA_plus_SR_PP;event_trial_type_hrf4__CSminus_major_to_peripheral_rate;event_trial_type_hrf4__CSminus_peripheral_to_major_rate;event_trial_type_hrf4__CSminus_within_major_rate_including_stay;event_trial_type_hrf4__CSminus_within_peripheral_rate_including_stay;event_trial_type_hrf6__ITI_freq_B1;event_trial_type_hrf6__ITI_freq_B2;event_trial_type_hrf6__ITI_freq_B3;event_trial_type_hrf6__ITI_freq_B4;event_trial_type_hrf6__ITI_n_transition_starts;event_trial_type_hrf6__ITI_basin_switch_rate_nextTR;event_trial_type_hrf6__ITI_major_basin_transition_rate_TR_A_to_Aprime;event_trial_type_hrf6__ITI_peripheral_transition_rate_TR_P_to_Pprime;event_trial_type_hrf6__ITI_traveling_score_TR_AA_over_TR_PP;event_trial_type_hrf6__ITI_staying_rate_major_SR_A_to_A;event_trial_type_hrf6__ITI_staying_rate_peripheral_SR_P_to_P;event_trial_type_hrf6__ITI_lingering_score_SR_AA_plus_SR_PP;event_trial_type_hrf6__ITI_major_to_peripheral_rate;event_trial_type_hrf6__ITI_peripheral_to_major_rate;event_trial_type_hrf6__ITI_within_major_rate_including_stay;event_trial_type_hrf6__ITI_within_peripheral_rate_including_stay;event_trial_type_hrf6__CSplus_freq_B1;event_trial_type_hrf6__CSplus_freq_B2;event_trial_type_hrf6__CSplus_freq_B3;event_trial_type_hrf6__CSplus_freq_B4;event_trial_type_hrf6__CSplus_n_transition_starts;event_trial_type_hrf6__CSplus_basin_switch_rate_nextTR;event_trial_type_hrf6__CSplus_major_basin_transition_rate_TR_A_to_Aprime;event_trial_type_hrf6__CSplus_peripheral_transition_rate_TR_P_to_Pprime;event_trial_type_hrf6__CSplus_traveling_score_TR_AA_over_TR_PP;event_trial_type_hrf6__CSplus_staying_rate_major_SR_A_to_A;event_trial_type_hrf6__CSplus_staying_rate_peripheral_SR_P_to_P;event_trial_type_hrf6__CSplus_lingering_score_SR_AA_plus_SR_PP;event_trial_type_hrf6__CSplus_major_to_peripheral_rate;event_trial_type_hrf6__CSplus_peripheral_to_major_rate;event_trial_type_hrf6__CSplus_within_major_rate_including_stay;event_trial_type_hrf6__CSplus_within_peripheral_rate_including_stay;event_trial_type_hrf6__CSminus_freq_B1;event_trial_type_hrf6__CSminus_freq_B2;event_trial_type_hrf6__CSminus_freq_B3;event_trial_type_hrf6__CSminus_freq_B4;event_trial_type_hrf6__CSminus_n_transition_starts;event_trial_type_hrf6__CSminus_basin_switch_rate_nextTR;event_trial_type_hrf6__CSminus_major_basin_transition_rate_TR_A_to_Aprime;event_trial_type_hrf6__CSminus_peripheral_transition_rate_TR_P_to_Pprime;event_trial_type_hrf6__CSminus_traveling_score_TR_AA_over_TR_PP;event_trial_type_hrf6__CSminus_staying_rate_major_SR_A_to_A;event_trial_type_hrf6__CSminus_staying_rate_peripheral_SR_P_to_P;event_trial_type_hrf6__CSminus_lingering_score_SR_AA_plus_SR_PP;event_trial_type_hrf6__CSminus_major_to_peripheral_rate;event_trial_type_hrf6__CSminus_peripheral_to_major_rate;event_trial_type_hrf6__CSminus_within_major_rate_including_stay;event_trial_type_hrf6__CSminus_within_peripheral_rate_including_stay;subject_norm;participant_id;participants_group;age;sex;ethnicity;IUS;SAI_pre;BDI;BAI_pre;PCL,,,,,,,,
selected_confirmatory_features.csv,/mnt/d/Thesis Masters/thesis-runs/ELA_run_5ROI/_merged_fit_runs_ela_5ROI/merge_acquisition_ela_5ROI/ELA_features/confirmatory_analysis_v3/selected_confirmatory_features.csv,.csv,True,13.0,6.0,feature;matched_pattern;family;task_scope;hypothesis;source,,,,,,,,
feature_specs_used.csv,/mnt/d/Thesis Masters/thesis-runs/ELA_run_5ROI/_merged_fit_runs_ela_5ROI/merge_acquisition_ela_5ROI/ELA_features/confirmatory_analysis_v3_notaskfilter/feature_specs_used.csv,.csv,True,24.0,5.0,pattern;family;task_scope;hypothesis;source,,,,,,,,
group_tests_by_task_confirmatory.csv,/mnt/d/Thesis Masters/thesis-runs/ELA_run_5ROI/_merged_fit_runs_ela_5ROI/merge_acquisition_ela_5ROI/ELA_features/confirmatory_analysis_v3_notaskfilter/group_tests_by_task_confirmatory.csv,.csv,False,,,,,,,,,,,
merged_confirmatory_dataset.csv,/mnt/d/Thesis Masters/thesis-runs/ELA_run_5ROI/_merged_fit_runs_ela_5ROI/merge_acquisition_ela_5ROI/ELA_features/confirmatory_analysis_v3_notaskfilter/merged_confirmatory_dataset.csv,.csv,True,48.0,297.0,subject;group;task;dyn_Frequency_of_B1;dyn_Frequency_of_B2;dyn_Frequency_of_B3;dyn_Frequency_of_B4;dyn_Direct_transitions_from_B1_to_B2;dyn_Direct_transitions_from_B1_to_B3;dyn_Direct_transitions_from_B1_to_B4;dyn_Direct_transitions_from_B2_to_B1;dyn_Direct_transitions_from_B2_to_B3;dyn_Direct_transitions_from_B2_to_B4;dyn_Direct_transitions_from_B3_to_B1;dyn_Direct_transitions_from_B3_to_B2;dyn_Direct_transitions_from_B3_to_B4;dyn_Direct_transitions_from_B4_to_B1;dyn_Direct_transitions_from_B4_to_B2;dyn_Direct_transitions_from_B4_to_B3;dyn_Transitions_from_B1_to_B2;dyn_Transitions_from_B1_to_B3;dyn_Transitions_from_B1_to_B4;dyn_Transitions_from_B2_to_B1;dyn_Transitions_from_B2_to_B3;dyn_Transitions_from_B2_to_B4;dyn_Transitions_from_B3_to_B1;dyn_Transitions_from_B3_to_B2;dyn_Transitions_from_B3_to_B4;dyn_Transitions_from_B4_to_B1;dyn_Transitions_from_B4_to_B2;dyn_Transitions_from_B4_to_B3;session;source_BN_file;source_SN_file;n_tr;n_unique_basins;n_unique_states;state_coverage;basin_entropy;state_entropy;basin_switch_rate;state_switch_rate;obs_freq_B1;obs_freq_B2;obs_freq_B3;obs_freq_B4;dwell_mean_B1;dwell_max_B1;dwell_mean_B2;dwell_max_B2;dwell_mean_B3;dwell_max_B3;dwell_mean_B4;dwell_max_B4;major_basin_transition_rate_TR_A_to_Aprime;peripheral_transition_rate_TR_P_to_Pprime;traveling_score_TR_AA_over_TR_PP;staying_rate_major_SR_A_to_A;staying_rate_peripheral_SR_P_to_P;lingering_score_SR_AA_plus_SR_PP;major_to_peripheral_rate;peripheral_to_major_rate;within_major_rate_including_stay;within_peripheral_rate_including_stay;major_basins_used;mfpt_B1_to_B2;mfpt_B1_to_B3;mfpt_B1_to_B4;mfpt_B2_to_B1;mfpt_B2_to_B3;mfpt_B2_to_B4;mfpt_B3_to_B1;mfpt_B3_to_B2;mfpt_B3_to_B4;mfpt_B4_to_B1;mfpt_B4_to_B2;mfpt_B4_to_B3;obs_trans_prob_B1_to_B1;obs_trans_prob_B1_to_B2;obs_trans_prob_B1_to_B3;obs_trans_prob_B1_to_B4;obs_trans_prob_B2_to_B1;obs_trans_prob_B2_to_B2;obs_trans_prob_B2_to_B3;obs_trans_prob_B2_to_B4;obs_trans_prob_B3_to_B1;obs_trans_prob_B3_to_B2;obs_trans_prob_B3_to_B3;obs_trans_prob_B3_to_B4;obs_trans_prob_B4_to_B1;obs_trans_prob_B4_to_B2;obs_trans_prob_B4_to_B3;obs_trans_prob_B4_to_B4;n_event_tr;event_trial_type_onset__ITI_freq_B1;event_trial_type_onset__ITI_freq_B2;event_trial_type_onset__ITI_freq_B3;event_trial_type_onset__ITI_freq_B4;event_trial_type_onset__ITI_n_transition_starts;event_trial_type_onset__ITI_basin_switch_rate_nextTR;event_trial_type_onset__ITI_major_basin_transition_rate_TR_A_to_Aprime;event_trial_type_onset__ITI_peripheral_transition_rate_TR_P_to_Pprime;event_trial_type_onset__ITI_traveling_score_TR_AA_over_TR_PP;event_trial_type_onset__ITI_staying_rate_major_SR_A_to_A;event_trial_type_onset__ITI_staying_rate_peripheral_SR_P_to_P;event_trial_type_onset__ITI_lingering_score_SR_AA_plus_SR_PP;event_trial_type_onset__ITI_major_to_peripheral_rate;event_trial_type_onset__ITI_peripheral_to_major_rate;event_trial_type_onset__ITI_within_major_rate_including_stay;event_trial_type_onset__ITI_within_peripheral_rate_including_stay;event_trial_type_onset__CSplus_freq_B1;event_trial_type_onset__CSplus_freq_B2;event_trial_type_onset__CSplus_freq_B3;event_trial_type_onset__CSplus_freq_B4;event_trial_type_onset__CSplus_n_transition_starts;event_trial_type_onset__CSplus_basin_switch_rate_nextTR;event_trial_type_onset__CSplus_major_basin_transition_rate_TR_A_to_Aprime;event_trial_type_onset__CSplus_peripheral_transition_rate_TR_P_to_Pprime;event_trial_type_onset__CSplus_traveling_score_TR_AA_over_TR_PP;event_trial_type_onset__CSplus_staying_rate_major_SR_A_to_A;event_trial_type_onset__CSplus_staying_rate_peripheral_SR_P_to_P;event_trial_type_onset__CSplus_lingering_score_SR_AA_plus_SR_PP;event_trial_type_onset__CSplus_major_to_peripheral_rate;event_trial_type_onset__CSplus_peripheral_to_major_rate;event_trial_type_onset__CSplus_within_major_rate_including_stay;event_trial_type_onset__CSplus_within_peripheral_rate_including_stay;event_trial_type_onset__CSminus_freq_B1;event_trial_type_onset__CSminus_freq_B2;event_trial_type_onset__CSminus_freq_B3;event_trial_type_onset__CSminus_freq_B4;event_trial_type_onset__CSminus_n_transition_starts;event_trial_type_onset__CSminus_basin_switch_rate_nextTR;event_trial_type_onset__CSminus_major_basin_transition_rate_TR_A_to_Aprime;event_trial_type_onset__CSminus_peripheral_transition_rate_TR_P_to_Pprime;event_trial_type_onset__CSminus_traveling_score_TR_AA_over_TR_PP;event_trial_type_onset__CSminus_staying_rate_major_SR_A_to_A;event_trial_type_onset__CSminus_staying_rate_peripheral_SR_P_to_P;event_trial_type_onset__CSminus_lingering_score_SR_AA_plus_SR_PP;event_trial_type_onset__CSminus_major_to_peripheral_rate;event_trial_type_onset__CSminus_peripheral_to_major_rate;event_trial_type_onset__CSminus_within_major_rate_including_stay;event_trial_type_onset__CSminus_within_peripheral_rate_including_stay;event_trial_type_hrf2__ITI_freq_B1;event_trial_type_hrf2__ITI_freq_B2;event_trial_type_hrf2__ITI_freq_B3;event_trial_type_hrf2__ITI_freq_B4;event_trial_type_hrf2__ITI_n_transition_starts;event_trial_type_hrf2__ITI_basin_switch_rate_nextTR;event_trial_type_hrf2__ITI_major_basin_transition_rate_TR_A_to_Aprime;event_trial_type_hrf2__ITI_peripheral_transition_rate_TR_P_to_Pprime;event_trial_type_hrf2__ITI_traveling_score_TR_AA_over_TR_PP;event_trial_type_hrf2__ITI_staying_rate_major_SR_A_to_A;event_trial_type_hrf2__ITI_staying_rate_peripheral_SR_P_to_P;event_trial_type_hrf2__ITI_lingering_score_SR_AA_plus_SR_PP;event_trial_type_hrf2__ITI_major_to_peripheral_rate;event_trial_type_hrf2__ITI_peripheral_to_major_rate;event_trial_type_hrf2__ITI_within_major_rate_including_stay;event_trial_type_hrf2__ITI_within_peripheral_rate_including_stay;event_trial_type_hrf2__CSplus_freq_B1;event_trial_type_hrf2__CSplus_freq_B2;event_trial_type_hrf2__CSplus_freq_B3;event_trial_type_hrf2__CSplus_freq_B4;event_trial_type_hrf2__CSplus_n_transition_starts;event_trial_type_hrf2__CSplus_basin_switch_rate_nextTR;event_trial_type_hrf2__CSplus_major_basin_transition_rate_TR_A_to_Aprime;event_trial_type_hrf2__CSplus_peripheral_transition_rate_TR_P_to_Pprime;event_trial_type_hrf2__CSplus_traveling_score_TR_AA_over_TR_PP;event_trial_type_hrf2__CSplus_staying_rate_major_SR_A_to_A;event_trial_type_hrf2__CSplus_staying_rate_peripheral_SR_P_to_P;event_trial_type_hrf2__CSplus_lingering_score_SR_AA_plus_SR_PP;event_trial_type_hrf2__CSplus_major_to_peripheral_rate;event_trial_type_hrf2__CSplus_peripheral_to_major_rate;event_trial_type_hrf2__CSplus_within_major_rate_including_stay;event_trial_type_hrf2__CSplus_within_peripheral_rate_including_stay;event_trial_type_hrf2__CSminus_freq_B1;event_trial_type_hrf2__CSminus_freq_B2;event_trial_type_hrf2__CSminus_freq_B3;event_trial_type_hrf2__CSminus_freq_B4;event_trial_type_hrf2__CSminus_n_transition_starts;event_trial_type_hrf2__CSminus_basin_switch_rate_nextTR;event_trial_type_hrf2__CSminus_major_basin_transition_rate_TR_A_to_Aprime;event_trial_type_hrf2__CSminus_peripheral_transition_rate_TR_P_to_Pprime;event_trial_type_hrf2__CSminus_traveling_score_TR_AA_over_TR_PP;event_trial_type_hrf2__CSminus_staying_rate_major_SR_A_to_A;event_trial_type_hrf2__CSminus_staying_rate_peripheral_SR_P_to_P;event_trial_type_hrf2__CSminus_lingering_score_SR_AA_plus_SR_PP;event_trial_type_hrf2__CSminus_major_to_peripheral_rate;event_trial_type_hrf2__CSminus_peripheral_to_major_rate;event_trial_type_hrf2__CSminus_within_major_rate_including_stay;event_trial_type_hrf2__CSminus_within_peripheral_rate_including_stay;event_trial_type_hrf4__ITI_freq_B1;event_trial_type_hrf4__ITI_freq_B2;event_trial_type_hrf4__ITI_freq_B3;event_trial_type_hrf4__ITI_freq_B4;event_trial_type_hrf4__ITI_n_transition_starts;event_trial_type_hrf4__ITI_basin_switch_rate_nextTR;event_trial_type_hrf4__ITI_major_basin_transition_rate_TR_A_to_Aprime;event_trial_type_hrf4__ITI_peripheral_transition_rate_TR_P_to_Pprime;event_trial_type_hrf4__ITI_traveling_score_TR_AA_over_TR_PP;event_trial_type_hrf4__ITI_staying_rate_major_SR_A_to_A;event_trial_type_hrf4__ITI_staying_rate_peripheral_SR_P_to_P;event_trial_type_hrf4__ITI_lingering_score_SR_AA_plus_SR_PP;event_trial_type_hrf4__ITI_major_to_peripheral_rate;event_trial_type_hrf4__ITI_peripheral_to_major_rate;event_trial_type_hrf4__ITI_within_major_rate_including_stay;event_trial_type_hrf4__ITI_within_peripheral_rate_including_stay;event_trial_type_hrf4__CSplus_freq_B1;event_trial_type_hrf4__CSplus_freq_B2;event_trial_type_hrf4__CSplus_freq_B3;event_trial_type_hrf4__CSplus_freq_B4;event_trial_type_hrf4__CSplus_n_transition_starts;event_trial_type_hrf4__CSplus_basin_switch_rate_nextTR;event_trial_type_hrf4__CSplus_major_basin_transition_rate_TR_A_to_Aprime;event_trial_type_hrf4__CSplus_peripheral_transition_rate_TR_P_to_Pprime;event_trial_type_hrf4__CSplus_traveling_score_TR_AA_over_TR_PP;event_trial_type_hrf4__CSplus_staying_rate_major_SR_A_to_A;event_trial_type_hrf4__CSplus_staying_rate_peripheral_SR_P_to_P;event_trial_type_hrf4__CSplus_lingering_score_SR_AA_plus_SR_PP;event_trial_type_hrf4__CSplus_major_to_peripheral_rate;event_trial_type_hrf4__CSplus_peripheral_to_major_rate;event_trial_type_hrf4__CSplus_within_major_rate_including_stay;event_trial_type_hrf4__CSplus_within_peripheral_rate_including_stay;event_trial_type_hrf4__CSminus_freq_B1;event_trial_type_hrf4__CSminus_freq_B2;event_trial_type_hrf4__CSminus_freq_B3;event_trial_type_hrf4__CSminus_freq_B4;event_trial_type_hrf4__CSminus_n_transition_starts;event_trial_type_hrf4__CSminus_basin_switch_rate_nextTR;event_trial_type_hrf4__CSminus_major_basin_transition_rate_TR_A_to_Aprime;event_trial_type_hrf4__CSminus_peripheral_transition_rate_TR_P_to_Pprime;event_trial_type_hrf4__CSminus_traveling_score_TR_AA_over_TR_PP;event_trial_type_hrf4__CSminus_staying_rate_major_SR_A_to_A;event_trial_type_hrf4__CSminus_staying_rate_peripheral_SR_P_to_P;event_trial_type_hrf4__CSminus_lingering_score_SR_AA_plus_SR_PP;event_trial_type_hrf4__CSminus_major_to_peripheral_rate;event_trial_type_hrf4__CSminus_peripheral_to_major_rate;event_trial_type_hrf4__CSminus_within_major_rate_including_stay;event_trial_type_hrf4__CSminus_within_peripheral_rate_including_stay;event_trial_type_hrf6__ITI_freq_B1;event_trial_type_hrf6__ITI_freq_B2;event_trial_type_hrf6__ITI_freq_B3;event_trial_type_hrf6__ITI_freq_B4;event_trial_type_hrf6__ITI_n_transition_starts;event_trial_type_hrf6__ITI_basin_switch_rate_nextTR;event_trial_type_hrf6__ITI_major_basin_transition_rate_TR_A_to_Aprime;event_trial_type_hrf6__ITI_peripheral_transition_rate_TR_P_to_Pprime;event_trial_type_hrf6__ITI_traveling_score_TR_AA_over_TR_PP;event_trial_type_hrf6__ITI_staying_rate_major_SR_A_to_A;event_trial_type_hrf6__ITI_staying_rate_peripheral_SR_P_to_P;event_trial_type_hrf6__ITI_lingering_score_SR_AA_plus_SR_PP;event_trial_type_hrf6__ITI_major_to_peripheral_rate;event_trial_type_hrf6__ITI_peripheral_to_major_rate;event_trial_type_hrf6__ITI_within_major_rate_including_stay;event_trial_type_hrf6__ITI_within_peripheral_rate_including_stay;event_trial_type_hrf6__CSplus_freq_B1;event_trial_type_hrf6__CSplus_freq_B2;event_trial_type_hrf6__CSplus_freq_B3;event_trial_type_hrf6__CSplus_freq_B4;event_trial_type_hrf6__CSplus_n_transition_starts;event_trial_type_hrf6__CSplus_basin_switch_rate_nextTR;event_trial_type_hrf6__CSplus_major_basin_transition_rate_TR_A_to_Aprime;event_trial_type_hrf6__CSplus_peripheral_transition_rate_TR_P_to_Pprime;event_trial_type_hrf6__CSplus_traveling_score_TR_AA_over_TR_PP;event_trial_type_hrf6__CSplus_staying_rate_major_SR_A_to_A;event_trial_type_hrf6__CSplus_staying_rate_peripheral_SR_P_to_P;event_trial_type_hrf6__CSplus_lingering_score_SR_AA_plus_SR_PP;event_trial_type_hrf6__CSplus_major_to_peripheral_rate;event_trial_type_hrf6__CSplus_peripheral_to_major_rate;event_trial_type_hrf6__CSplus_within_major_rate_including_stay;event_trial_type_hrf6__CSplus_within_peripheral_rate_including_stay;event_trial_type_hrf6__CSminus_freq_B1;event_trial_type_hrf6__CSminus_freq_B2;event_trial_type_hrf6__CSminus_freq_B3;event_trial_type_hrf6__CSminus_freq_B4;event_trial_type_hrf6__CSminus_n_transition_starts;event_trial_type_hrf6__CSminus_basin_switch_rate_nextTR;event_trial_type_hrf6__CSminus_major_basin_transition_rate_TR_A_to_Aprime;event_trial_type_hrf6__CSminus_peripheral_transition_rate_TR_P_to_Pprime;event_trial_type_hrf6__CSminus_traveling_score_TR_AA_over_TR_PP;event_trial_type_hrf6__CSminus_staying_rate_major_SR_A_to_A;event_trial_type_hrf6__CSminus_staying_rate_peripheral_SR_P_to_P;event_trial_type_hrf6__CSminus_lingering_score_SR_AA_plus_SR_PP;event_trial_type_hrf6__CSminus_major_to_peripheral_rate;event_trial_type_hrf6__CSminus_peripheral_to_major_rate;event_trial_type_hrf6__CSminus_within_major_rate_including_stay;event_trial_type_hrf6__CSminus_within_peripheral_rate_including_stay;subject_norm;participant_id;participants_group;age;sex;ethnicity;IUS;SAI_pre;BDI;BAI_pre;PCL,,,,,,,,
selected_confirmatory_features.csv,/mnt/d/Thesis Masters/thesis-runs/ELA_run_5ROI/_merged_fit_runs_ela_5ROI/merge_acquisition_ela_5ROI/ELA_features/confirmatory_analysis_v3_notaskfilter/selected_confirmatory_features.csv,.csv,True,19.0,6.0,feature;matched_pattern;family;task_scope;hypothesis;source,,,,,,,,
