cohort,state,occupancy,occupancy_prop,count_CSplus,count_CSminus,count_ITI,count_NONE,prop_CSplus,prop_CSminus,prop_ITI,cs_delta,dominant_event,enriched_event,max_enrichment,enrich_CSplus,enrich_CSminus,enrich_ITI,global_prop_CSplus,global_prop_CSminus,global_prop_ITI,basin,basin_label_readable,local_minimum_state,is_local_minimum,hamming_to_min,energy,binary,binary_01,sigma_pattern
merged,1,1074,0.10147392290249434,225,239,610,0,0.20949720670391062,0.22253258845437615,0.5679702048417132,-0.013035381750465536,ITI,CS+,0.012218295139284768,0.012218295139284768,0.009947554440770723,-0.02216584958005552,0.19727891156462585,0.21258503401360543,0.5901360544217688,1,Global off,1,True,0,-1.3661,0,0,-----
merged,32,1037,0.09797808012093727,196,212,629,0,0.18900675024108005,0.20443587270973965,0.6065573770491803,-0.0154291224686596,ITI,ITI,0.016421322627411583,-0.008272161323545801,-0.008149161303865782,0.016421322627411583,0.19727891156462585,0.21258503401360543,0.5901360544217688,4,Global on,32,True,0,-1.3539,11111,11111,+++++
merged,20,549,0.05187074829931973,47,99,403,0,0.08561020036429873,0.18032786885245902,0.7340619307832422,-0.0947176684881603,ITI,ITI,0.14392587636147347,-0.11166871120032712,-0.032257165161146406,0.14392587636147347,0.19727891156462585,0.21258503401360543,0.5901360544217688,3,Safety-like,20,True,0,-0.6553000000000002,11001,11001,++--+
merged,13,524,0.04950869236583522,180,91,253,0,0.3435114503816794,0.1736641221374046,0.48282442748091603,0.16984732824427481,ITI,CS+,0.14623253881705356,0.14623253881705356,-0.03892091187620084,-0.10731162694085272,0.19727891156462585,0.21258503401360543,0.5901360544217688,2,Threat-like,13,True,0,-0.6583000000000001,110,110,--++-
merged,2,503,0.04752456538170824,102,115,286,0,0.20278330019880716,0.2286282306163022,0.5685884691848907,-0.025844930417495027,ITI,CS-,0.016043196602696763,0.0055043886341813175,0.016043196602696763,-0.021547585236878053,0.19727891156462585,0.21258503401360543,0.5901360544217688,1,Global off,1,False,1,-0.6104999999999999,10000,10000,+----
merged,17,499,0.047146636432350716,58,107,334,0,0.11623246492985972,0.21442885771543085,0.6693386773547094,-0.09819639278557113,ITI,ITI,0.07920262293294067,-0.08104644663476612,0.0018438237018254255,0.07920262293294067,0.19727891156462585,0.21258503401360543,0.5901360544217688,1,Global off,1,False,1,-0.5941000000000001,1,1,----+
merged,31,490,0.046296296296296294,109,85,296,0,0.22244897959183674,0.17346938775510204,0.6040816326530613,0.0489795918367347,ITI,CS+,0.02517006802721089,0.02517006802721089,-0.03911564625850339,0.0139455782312925,0.19727891156462585,0.21258503401360543,0.5901360544217688,4,Global on,32,False,1,-0.6043,1111,1111,-++++
merged,16,485,0.045823885109599394,128,90,267,0,0.2639175257731959,0.18556701030927836,0.5505154639175258,0.07835051546391752,ITI,CS+,0.06663861420857004,0.06663861420857004,-0.02701802370432707,-0.039620590504242936,0.19727891156462585,0.21258503401360543,0.5901360544217688,4,Global on,32,False,1,-0.5875000000000001,11110,11110,++++-
merged,29,424,0.0400604686318972,100,75,249,0,0.2358490566037736,0.17688679245283018,0.5872641509433962,0.05896226415094341,ITI,CS+,0.03857014503914774,0.03857014503914774,-0.03569824156077525,-0.0028719034783725172,0.19727891156462585,0.21258503401360543,0.5901360544217688,2,Threat-like,13,False,1,-0.4658999999999999,111,111,--+++
merged,4,421,0.039777021919879064,69,102,250,0,0.16389548693586697,0.24228028503562946,0.5938242280285035,-0.07838479809976248,ITI,CS-,0.029695251022024027,-0.03338342462875887,0.029695251022024027,0.0036881736067347903,0.19727891156462585,0.21258503401360543,0.5901360544217688,3,Safety-like,20,False,1,-0.4684999999999999,11000,11000,++---
merged,28,325,0.030706727135298564,43,63,219,0,0.13230769230769232,0.19384615384615383,0.6738461538461539,-0.061538461538461514,ITI,ITI,0.08371009942438512,-0.06497121925693353,-0.018738880167451594,0.08371009942438512,0.19727891156462585,0.21258503401360543,0.5901360544217688,4,Global on,32,False,1,-0.1891,11011,11011,++-++
merged,5,322,0.03042328042328042,82,76,164,0,0.2546583850931677,0.2360248447204969,0.5093167701863354,0.018633540372670787,ITI,CS+,0.057379473528541836,0.057379473528541836,0.023439810706891467,-0.08081928423543339,0.19727891156462585,0.21258503401360543,0.5901360544217688,1,Global off,1,False,1,-0.1965,100,100,--+--
merged,14,308,0.0291005291005291,89,65,154,0,0.288961038961039,0.21103896103896103,0.5,0.07792207792207795,ITI,CS+,0.09168212739641313,0.09168212739641313,-0.0015460729746444024,-0.09013605442176875,0.19727891156462585,0.21258503401360543,0.5901360544217688,2,Threat-like,13,False,1,-0.1435000000000001,10110,10110,+-++-
merged,24,301,0.028439153439153438,39,69,193,0,0.12956810631229235,0.2292358803986711,0.6411960132890365,-0.09966777408637875,ITI,ITI,0.051059958867267774,-0.0677108052523335,0.01665084638506567,0.051059958867267774,0.19727891156462585,0.21258503401360543,0.5901360544217688,4,Global on,32,False,1,-0.0965,11101,11101,+++-+
merged,19,292,0.02758881330309902,24,61,207,0,0.0821917808219178,0.2089041095890411,0.708904109589041,-0.1267123287671233,ITI,ITI,0.11876805516727229,-0.11508713074270804,-0.0036809244245643302,0.11876805516727229,0.19727891156462585,0.21258503401360543,0.5901360544217688,3,Safety-like,20,False,1,-0.1465000000000001,1001,1001,-+--+
merged,9,269,0.025415721844293273,65,81,123,0,0.241635687732342,0.30111524163568776,0.45724907063197023,-0.05947955390334575,ITI,CS-,0.08853020762208233,0.04435677616771616,0.08853020762208233,-0.13288698378979852,0.19727891156462585,0.21258503401360543,0.5901360544217688,1,Global off,1,False,1,-0.1043,10,10,---+-
merged,30,247,0.023337112622826908,49,34,164,0,0.19838056680161945,0.13765182186234817,0.6639676113360324,0.06072874493927127,ITI,ITI,0.07383155691426369,0.0011016552369935984,-0.07493321215125726,0.07383155691426369,0.19727891156462585,0.21258503401360543,0.5901360544217688,4,Global on,32,False,1,0.1356999999999999,10111,10111,+-+++
merged,3,238,0.022486772486772486,34,65,139,0,0.14285714285714285,0.27310924369747897,0.5840336134453782,-0.13025210084033612,ITI,CS-,0.06052420968387354,-0.054421768707483,0.06052420968387354,-0.006102440976390566,0.19727891156462585,0.21258503401360543,0.5901360544217688,1,Global off,1,False,1,0.1270999999999999,1000,1000,-+---
merged,15,223,0.021069538926681782,70,49,104,0,0.31390134529147984,0.21973094170403587,0.4663677130044843,0.09417040358744397,ITI,CS+,0.11662243372685399,0.11662243372685399,0.007145907690430442,-0.12376834141728443,0.19727891156462585,0.21258503401360543,0.5901360544217688,2,Threat-like,13,False,1,0.2489,1110,1110,-+++-
merged,10,218,0.020597127739984882,67,37,114,0,0.3073394495412844,0.16972477064220184,0.5229357798165137,0.13761467889908255,ITI,CS+,0.11006053797665855,0.11006053797665855,-0.042860263371403584,-0.06720027460525502,0.19727891156462585,0.21258503401360543,0.5901360544217688,1,Global off,1,False,2,0.3188999999999999,10010,10010,+--+-
merged,21,203,0.01917989417989418,31,40,132,0,0.15270935960591134,0.19704433497536947,0.6502463054187192,-0.04433497536945813,ITI,ITI,0.06011025099695044,-0.04456955195871451,-0.015540699038235961,0.06011025099695044,0.19727891156462585,0.21258503401360543,0.5901360544217688,1,Global off,1,False,2,0.2995,101,101,--+-+
merged,25,203,0.01917989417989418,31,38,134,0,0.15270935960591134,0.18719211822660098,0.6600985221674877,-0.03448275862068964,ITI,ITI,0.0699624677457189,-0.04456955195871451,-0.02539291578700445,0.0699624677457189,0.19727891156462585,0.21258503401360543,0.5901360544217688,1,Global off,1,False,2,0.3641000000000001,11,11,---++
merged,23,196,0.018518518518518517,28,52,116,0,0.14285714285714285,0.2653061224489796,0.5918367346938775,-0.12244897959183676,ITI,CS-,0.05272108843537418,-0.054421768707483,0.05272108843537418,0.00170068027210879,0.19727891156462585,0.21258503401360543,0.5901360544217688,4,Global on,32,False,2,0.3207,1101,1101,-++-+
merged,12,192,0.018140589569160998,45,49,98,0,0.234375,0.2552083333333333,0.5104166666666666,-0.020833333333333315,ITI,CS-,0.042623299319727886,0.03709608843537415,0.042623299319727886,-0.07971938775510212,0.19727891156462585,0.21258503401360543,0.5901360544217688,4,Global on,32,False,2,0.3013,11010,11010,++-+-
merged,8,186,0.017573696145124718,29,50,107,0,0.15591397849462366,0.26881720430107525,0.5752688172043011,-0.1129032258064516,ITI,CS-,0.056232170287469824,-0.04136493307000219,0.056232170287469824,-0.014867237217467633,0.19727891156462585,0.21258503401360543,0.5901360544217688,4,Global on,32,False,2,0.3663,11100,11100,+++--
merged,18,184,0.017384731670445956,20,41,123,0,0.10869565217391304,0.22282608695652173,0.6684782608695652,-0.11413043478260869,ITI,ITI,0.07834220644779644,-0.0885832593907128,0.010241052942916301,0.07834220644779644,0.19727891156462585,0.21258503401360543,0.5901360544217688,3,Safety-like,20,False,1,0.2483,10001,10001,+---+
merged,27,145,0.013699924414210128,23,27,95,0,0.15862068965517243,0.18620689655172415,0.6551724137931034,-0.027586206896551724,ITI,ITI,0.06503635937133467,-0.03865822190945342,-0.02637813746188128,0.06503635937133467,0.19727891156462585,0.21258503401360543,0.5901360544217688,4,Global on,32,False,2,0.6520999999999999,1011,1011,-+-++
merged,6,139,0.013133030990173848,32,37,70,0,0.2302158273381295,0.26618705035971224,0.5035971223021583,-0.03597122302158273,ITI,CS-,0.05360201634610681,0.03293691577350366,0.05360201634610681,-0.0865389321196105,0.19727891156462585,0.21258503401360543,0.5901360544217688,1,Global off,1,False,2,0.6506999999999998,10100,10100,+-+--
merged,7,114,0.010770975056689343,29,27,58,0,0.2543859649122807,0.23684210526315788,0.5087719298245614,0.017543859649122834,ITI,CS+,0.05710705334765487,0.05710705334765487,0.024257071249552453,-0.08136412459720732,0.19727891156462585,0.21258503401360543,0.5901360544217688,1,Global off,1,False,2,0.8703,1100,1100,-++--
merged,26,104,0.009826152683295541,18,17,69,0,0.17307692307692307,0.16346153846153846,0.6634615384615384,0.009615384615384609,ITI,ITI,0.07332548403976968,-0.024201988487702775,-0.049123495552066965,0.07332548403976968,0.19727891156462585,0.21258503401360543,0.5901360544217688,4,Global on,32,False,2,0.8741,10011,10011,+--++
merged,11,87,0.008219954648526076,15,34,38,0,0.1724137931034483,0.39080459770114945,0.4367816091954023,-0.21839080459770116,ITI,CS-,0.17821956368754402,-0.02486511846117756,0.17821956368754402,-0.15335444522636643,0.19727891156462585,0.21258503401360543,0.5901360544217688,1,Global off,1,False,2,1.2293,1010,1010,-+-+-
merged,22,82,0.007747543461829176,11,23,48,0,0.13414634146341464,0.2804878048780488,0.5853658536585366,-0.14634146341463417,ITI,CS-,0.06790277086444338,-0.0631325701012112,0.06790277086444338,-0.004770200763232202,0.19727891156462585,0.21258503401360543,0.5901360544217688,4,Global on,32,False,2,1.2335,10101,10101,+-+-+
HC,1,539,0.09950156913420713,120,115,304,0,0.22263450834879406,0.21335807050092764,0.5640074211502782,0.009276437847866414,ITI,CS+,0.023262162031644357,0.023262162031644357,0.0038325028435527153,-0.027094664875197072,0.1993723463171497,0.20952556765737493,0.5911020860254753,1,Global off,1,True,0,-1.3661,0,0,-----
HC,32,499,0.09211740815949787,85,101,313,0,0.17034068136272545,0.20240480961923848,0.627254509018036,-0.03206412825651303,ITI,ITI,0.03615242299256072,-0.029031664954424247,-0.007120758038136443,0.03615242299256072,0.1993723463171497,0.20952556765737493,0.5911020860254753,4,Global on,32,True,0,-1.3539,11111,11111,+++++
HC,20,312,0.05759645560273214,26,61,225,0,0.08333333333333333,0.1955128205128205,0.7211538461538461,-0.11217948717948718,ITI,ITI,0.13005176012837083,-0.11603901298381637,-0.014012747144554416,0.13005176012837083,0.1993723463171497,0.20952556765737493,0.5911020860254753,3,Safety-like,20,True,0,-0.6553000000000002,11001,11001,++--+
HC,13,284,0.052427542920435666,93,46,145,0,0.3274647887323944,0.1619718309859155,0.5105633802816901,0.16549295774647887,ITI,CS+,0.12809244241524467,0.12809244241524467,-0.04755373667145943,-0.08053870574378519,0.1993723463171497,0.20952556765737493,0.5911020860254753,2,Threat-like,13,True,0,-0.6583000000000001,110,110,--++-
HC,2,247,0.04559719401882961,43,59,145,0,0.17408906882591094,0.2388663967611336,0.5870445344129555,-0.06477732793522267,ITI,CS-,0.02934082910375868,-0.025283277491238765,0.02934082910375868,-0.004057551612519861,0.1993723463171497,0.20952556765737493,0.5911020860254753,1,Global off,1,False,1,-0.6104999999999999,10000,10000,+----
HC,31,246,0.04541258999446188,54,47,145,0,0.21951219512195122,0.1910569105691057,0.5894308943089431,0.028455284552845517,ITI,CS+,0.02013984880480152,0.02013984880480152,-0.018468657088269225,-0.0016711917165321832,0.1993723463171497,0.20952556765737493,0.5911020860254753,4,Global on,32,False,1,-0.6043,1111,1111,-++++
HC,16,237,0.0437511537751523,70,38,129,0,0.29535864978902954,0.16033755274261605,0.5443037974683544,0.1350210970464135,ITI,CS+,0.09598630347187984,0.09598630347187984,-0.04918801491475888,-0.04679828855712087,0.1993723463171497,0.20952556765737493,0.5911020860254753,4,Global on,32,False,1,-0.5875000000000001,11110,11110,++++-
HC,17,236,0.04356654975078457,25,46,165,0,0.1059322033898305,0.19491525423728814,0.6991525423728814,-0.08898305084745764,ITI,ITI,0.10805045634740607,-0.0934401429273192,-0.014610313420086785,0.10805045634740607,0.1993723463171497,0.20952556765737493,0.5911020860254753,1,Global off,1,False,1,-0.5941000000000001,1,1,----+
HC,29,212,0.03913605316595902,58,35,119,0,0.27358490566037735,0.1650943396226415,0.5613207547169812,0.10849056603773585,ITI,CS+,0.07421255934322765,0.07421255934322765,-0.04443122803473343,-0.02978133130849414,0.1993723463171497,0.20952556765737493,0.5911020860254753,2,Threat-like,13,False,1,-0.4658999999999999,111,111,--+++
HC,4,199,0.03673620084917851,36,44,119,0,0.18090452261306533,0.22110552763819097,0.5979899497487438,-0.040201005025125636,ITI,CS-,0.01157995998081604,-0.01846782370408437,0.01157995998081604,0.006887863723268439,0.1993723463171497,0.20952556765737493,0.5911020860254753,3,Safety-like,20,False,1,-0.4684999999999999,11000,11000,++---
HC,14,177,0.032674912313088424,48,35,94,0,0.2711864406779661,0.1977401129943503,0.5310734463276836,0.07344632768361581,ITI,CS+,0.0718140943608164,0.0718140943608164,-0.011785454663024636,-0.06002863969779171,0.1993723463171497,0.20952556765737493,0.5911020860254753,2,Threat-like,13,False,1,-0.1435000000000001,10110,10110,+-++-
HC,24,173,0.0319364962156175,17,46,110,0,0.09826589595375723,0.2658959537572254,0.6358381502890174,-0.16763005780346818,ITI,CS-,0.056370386099850484,-0.10110645036339247,0.056370386099850484,0.04473606426354204,0.1993723463171497,0.20952556765737493,0.5911020860254753,4,Global on,32,False,1,-0.0965,11101,11101,+++-+
HC,5,165,0.03045966402067565,44,39,82,0,0.26666666666666666,0.23636363636363636,0.49696969696969695,0.030303030303030304,ITI,CS+,0.06729432034951696,0.06729432034951696,0.02683806870626143,-0.09413238905577836,0.1993723463171497,0.20952556765737493,0.5911020860254753,1,Global off,1,False,1,-0.1965,100,100,--+--
HC,28,164,0.030275059996307918,24,34,106,0,0.14634146341463414,0.2073170731707317,0.6463414634146342,-0.06097560975609756,ITI,ITI,0.05523937738915885,-0.053030882902515564,-0.002208494486643231,0.05523937738915885,0.1993723463171497,0.20952556765737493,0.5911020860254753,4,Global on,32,False,1,-0.1891,11011,11011,++-++
HC,9,145,0.026767583533321027,43,34,68,0,0.296551724137931,0.23448275862068965,0.4689655172413793,0.062068965517241365,ITI,CS+,0.09717937782078132,0.09717937782078132,0.024957190963314724,-0.12213656878409601,0.1993723463171497,0.20952556765737493,0.5911020860254753,1,Global off,1,False,1,-0.1043,10,10,---+-
HC,19,140,0.02584456341148237,13,30,97,0,0.09285714285714286,0.21428571428571427,0.6928571428571428,-0.12142857142857141,ITI,ITI,0.10175505683166752,-0.10651520346000684,0.004760146628339346,0.10175505683166752,0.1993723463171497,0.20952556765737493,0.5911020860254753,3,Safety-like,20,False,1,-0.1465000000000001,1001,1001,-+--+
HC,3,128,0.023629315119069596,21,33,74,0,0.1640625,0.2578125,0.578125,-0.09375,ITI,CS-,0.04828693234262507,-0.0353098463171497,0.04828693234262507,-0.012977086025475315,0.1993723463171497,0.20952556765737493,0.5911020860254753,1,Global off,1,False,1,0.1270999999999999,1000,1000,-+---
HC,30,123,0.02270629499723094,21,21,81,0,0.17073170731707318,0.17073170731707318,0.6585365853658537,0.0,ITI,ITI,0.06743449934037837,-0.028640639000076518,-0.038793860340301745,0.06743449934037837,0.1993723463171497,0.20952556765737493,0.5911020860254753,4,Global on,32,False,1,0.1356999999999999,10111,10111,+-+++
HC,10,120,0.022152482924127748,36,21,63,0,0.3,0.175,0.525,0.125,ITI,CS+,0.10062765368285029,0.10062765368285029,-0.03452556765737494,-0.06610208602547529,0.1993723463171497,0.20952556765737493,0.5911020860254753,1,Global off,1,False,2,0.3188999999999999,10010,10010,+--+-
HC,15,116,0.021414066826656822,36,23,57,0,0.3103448275862069,0.19827586206896552,0.49137931034482757,0.11206896551724138,ITI,CS+,0.1109724812690572,0.1109724812690572,-0.011249705588409403,-0.09972277568064775,0.1993723463171497,0.20952556765737493,0.5911020860254753,2,Threat-like,13,False,1,0.2489,1110,1110,-+++-
HC,23,111,0.020491046704818165,15,27,69,0,0.13513513513513514,0.24324324324324326,0.6216216216216216,-0.10810810810810811,ITI,CS-,0.03371767558586833,-0.06423721118201456,0.03371767558586833,0.030519535596146286,0.1993723463171497,0.20952556765737493,0.5911020860254753,4,Global on,32,False,2,0.3207,1101,1101,-++-+
HC,18,106,0.01956802658297951,11,27,68,0,0.10377358490566038,0.25471698113207547,0.6415094339622641,-0.1509433962264151,ITI,ITI,0.050407347936788804,-0.09559876141148932,0.04519141347470054,0.050407347936788804,0.1993723463171497,0.20952556765737493,0.5911020860254753,3,Safety-like,20,False,1,0.2483,10001,10001,+---+
HC,21,104,0.019198818534244048,19,19,66,0,0.18269230769230768,0.18269230769230768,0.6346153846153846,0.0,ITI,ITI,0.043513298589909266,-0.01668003862484202,-0.026833259965067247,0.043513298589909266,0.1993723463171497,0.20952556765737493,0.5911020860254753,1,Global off,1,False,2,0.2995,101,101,--+-+
HC,25,99,0.01827579841240539,17,19,63,0,0.1717171717171717,0.1919191919191919,0.6363636363636364,-0.020202020202020193,ITI,ITI,0.04526155033816104,-0.02765517459997799,-0.017606375738183022,0.04526155033816104,0.1993723463171497,0.20952556765737493,0.5911020860254753,1,Global off,1,False,2,0.3641000000000001,11,11,---++
HC,12,95,0.017537382314934465,26,22,47,0,0.2736842105263158,0.23157894736842105,0.49473684210526314,0.04210526315789476,ITI,CS+,0.0743118642091661,0.0743118642091661,0.022053379711046123,-0.09636524392021217,0.1993723463171497,0.20952556765737493,0.5911020860254753,4,Global on,32,False,2,0.3013,11010,11010,++-+-
HC,8,92,0.01698357024183127,13,28,51,0,0.14130434782608695,0.30434782608695654,0.5543478260869565,-0.1630434782608696,ITI,CS-,0.09482225842958161,-0.058067998491062756,0.09482225842958161,-0.036754259938518774,0.1993723463171497,0.20952556765737493,0.5911020860254753,4,Global on,32,False,2,0.3663,11100,11100,+++--
HC,27,83,0.01532213402252169,13,14,56,0,0.1566265060240964,0.1686746987951807,0.6746987951807228,-0.01204819277108432,ITI,ITI,0.08359670915524753,-0.04274584029305331,-0.04085086886219422,0.08359670915524753,0.1993723463171497,0.20952556765737493,0.5911020860254753,4,Global on,32,False,2,0.6520999999999999,1011,1011,-+-++
HC,6,64,0.011814657559534798,15,15,34,0,0.234375,0.234375,0.53125,0.0,ITI,CS+,0.0350026536828503,0.0350026536828503,0.024849432342625072,-0.059852086025475315,0.1993723463171497,0.20952556765737493,0.5911020860254753,1,Global off,1,False,2,0.6506999999999998,10100,10100,+-+--
HC,7,61,0.011260845486431604,13,14,34,0,0.21311475409836064,0.22950819672131148,0.5573770491803278,-0.016393442622950838,ITI,CS-,0.019982629063936552,0.013742407781210941,0.019982629063936552,-0.033725036845147494,0.1993723463171497,0.20952556765737493,0.5911020860254753,1,Global off,1,False,2,0.8703,1100,1100,-++--
HC,26,56,0.010337825364592948,9,11,36,0,0.16071428571428573,0.19642857142857142,0.6428571428571429,-0.0357142857142857,ITI,ITI,0.05175505683166759,-0.038658060602863975,-0.013096996228803504,0.05175505683166759,0.1993723463171497,0.20952556765737493,0.5911020860254753,4,Global on,32,False,2,0.8741,10011,10011,+--++
HC,11,46,0.008491785120915635,10,20,16,0,0.21739130434782608,0.43478260869565216,0.34782608695652173,-0.21739130434782608,CS-,CS-,0.22525704103827723,0.01801895803067638,0.22525704103827723,-0.24327599906895359,0.1993723463171497,0.20952556765737493,0.5911020860254753,1,Global off,1,False,2,1.2293,1010,1010,-+-+-
HC,22,38,0.007014952925973786,6,11,21,0,0.15789473684210525,0.2894736842105263,0.5526315789473685,-0.13157894736842107,ITI,CS-,0.0799481165531514,-0.04147760947504445,0.0799481165531514,-0.03847050707810684,0.1993723463171497,0.20952556765737493,0.5911020860254753,4,Global on,32,False,2,1.2335,10101,10101,+-+-+
PTSD,32,538,0.10412231468937488,111,111,316,0,0.20631970260223048,0.20631970260223048,0.587360594795539,0.0,ITI,CS+,0.011235514485334802,0.011235514485334802,-0.009472826911994414,-0.0017626875733404157,0.19508418811689568,0.2157925295142249,0.5891232823688795,4,Global on,32,True,0,-1.3539,11111,11111,+++++
PTSD,1,535,0.10354170698664603,105,124,306,0,0.19626168224299065,0.23177570093457944,0.5719626168224299,-0.035514018691588795,ITI,CS-,0.015983171420354547,0.001177494126094969,0.015983171420354547,-0.01716066554644957,0.19508418811689568,0.2157925295142249,0.5891232823688795,1,Global off,1,True,0,-1.3661,0,0,-----
PTSD,17,263,0.050899941939229726,33,61,169,0,0.12547528517110265,0.23193916349809887,0.6425855513307985,-0.10646387832699622,ITI,ITI,0.05346226896191908,-0.06960890294579303,0.016146633983873976,0.05346226896191908,0.19508418811689568,0.2157925295142249,0.5891232823688795,1,Global off,1,False,1,-0.5941000000000001,1,1,----+
PTSD,2,256,0.0495451906328624,59,56,141,0,0.23046875,0.21875,0.55078125,0.01171875,ITI,CS+,0.03538456188310432,0.03538456188310432,0.0029574704857751044,-0.03834203236887945,0.19508418811689568,0.2157925295142249,0.5891232823688795,1,Global off,1,False,1,-0.6104999999999999,10000,10000,+----
PTSD,16,248,0.04799690342558545,58,52,138,0,0.23387096774193547,0.20967741935483872,0.5564516129032258,0.024193548387096753,ITI,CS+,0.03878677962503979,0.03878677962503979,-0.006115110159386178,-0.0326716694656537,0.19508418811689568,0.2157925295142249,0.5891232823688795,4,Global on,32,False,1,-0.5875000000000001,11110,11110,++++-
PTSD,31,244,0.04722275982194697,55,38,151,0,0.22540983606557377,0.1557377049180328,0.6188524590163934,0.06967213114754098,ITI,CS+,0.03032564794867809,0.03032564794867809,-0.0600548245961921,0.029729176647513955,0.19508418811689568,0.2157925295142249,0.5891232823688795,4,Global on,32,False,1,-0.6043,1111,1111,-++++
PTSD,13,240,0.046448616218308494,87,45,108,0,0.3625,0.1875,0.45,0.175,ITI,CS+,0.1674158118831043,0.1674158118831043,-0.028292529514224896,-0.13912328236887944,0.19508418811689568,0.2157925295142249,0.5891232823688795,2,Threat-like,13,True,0,-0.6583000000000001,110,110,--++-
PTSD,20,237,0.04586800851557964,21,38,178,0,0.08860759493670886,0.16033755274261605,0.7510548523206751,-0.07172995780590719,ITI,ITI,0.1619315699517957,-0.10647659318018682,-0.05545497677160885,0.1619315699517957,0.19508418811689568,0.2157925295142249,0.5891232823688795,3,Safety-like,20,True,0,-0.6553000000000002,11001,11001,++--+
PTSD,4,222,0.04296497000193536,33,58,131,0,0.14864864864864866,0.26126126126126126,0.5900900900900901,-0.1126126126126126,ITI,CS-,0.04546873174703636,-0.04643553946824702,0.04546873174703636,0.0009668077212106052,0.19508418811689568,0.2157925295142249,0.5891232823688795,3,Safety-like,20,False,1,-0.4684999999999999,11000,11000,++---
PTSD,29,212,0.04102961099283917,42,40,130,0,0.19811320754716982,0.18867924528301888,0.6132075471698113,0.009433962264150941,ITI,ITI,0.024084264800931843,0.0030290194302741436,-0.027113284231206014,0.024084264800931843,0.19508418811689568,0.2157925295142249,0.5891232823688795,2,Threat-like,13,False,1,-0.4658999999999999,111,111,--+++
PTSD,28,161,0.031159280046448617,19,29,113,0,0.11801242236024845,0.18012422360248448,0.7018633540372671,-0.06211180124223603,ITI,ITI,0.11274007166838762,-0.07707176575664723,-0.03566830591174042,0.11274007166838762,0.19508418811689568,0.2157925295142249,0.5891232823688795,4,Global on,32,False,1,-0.1891,11011,11011,++-++
PTSD,5,157,0.030385136442810143,38,37,82,0,0.24203821656050956,0.2356687898089172,0.5222929936305732,0.006369426751592355,ITI,CS+,0.04695402844361388,0.04695402844361388,0.019876260294692305,-0.06683028873830621,0.19508418811689568,0.2157925295142249,0.5891232823688795,1,Global off,1,False,1,-0.1965,100,100,--+--
PTSD,19,152,0.029417456938262046,11,31,110,0,0.07236842105263158,0.20394736842105263,0.7236842105263158,-0.13157894736842105,ITI,ITI,0.13456092815743637,-0.1227157670642641,-0.011845161093172268,0.13456092815743637,0.19508418811689568,0.2157925295142249,0.5891232823688795,3,Safety-like,20,False,1,-0.1465000000000001,1001,1001,-+--+
PTSD,14,131,0.025353203019160053,41,30,60,0,0.31297709923664124,0.22900763358778625,0.4580152671755725,0.08396946564885499,ITI,CS+,0.11789291111974556,0.11789291111974556,0.013215104073561357,-0.13110801519330695,0.19508418811689568,0.2157925295142249,0.5891232823688795,2,Threat-like,13,False,1,-0.1435000000000001,10110,10110,+-++-
PTSD,24,128,0.0247725953164312,22,23,83,0,0.171875,0.1796875,0.6484375,-0.0078125,ITI,ITI,0.05931421763112055,-0.02320918811689568,-0.036105029514224896,0.05931421763112055,0.19508418811689568,0.2157925295142249,0.5891232823688795,4,Global on,32,False,1,-0.0965,11101,11101,+++-+
PTSD,9,124,0.023998451712792725,22,47,55,0,0.1774193548387097,0.3790322580645161,0.4435483870967742,-0.20161290322580644,ITI,CS-,0.16323972855029123,-0.017664833278185993,0.16323972855029123,-0.14557489527210526,0.19508418811689568,0.2157925295142249,0.5891232823688795,1,Global off,1,False,1,-0.1043,10,10,---+-
PTSD,30,124,0.023998451712792725,28,13,83,0,0.22580645161290322,0.10483870967741936,0.6693548387096774,0.12096774193548386,ITI,ITI,0.08023155634079793,0.03072226349600754,-0.11095381983680554,0.08023155634079793,0.19508418811689568,0.2157925295142249,0.5891232823688795,4,Global on,32,False,1,0.1356999999999999,10111,10111,+-+++
PTSD,3,110,0.02128894910005806,13,32,65,0,0.11818181818181818,0.2909090909090909,0.5909090909090909,-0.17272727272727273,ITI,CS-,0.075116561394866,-0.0769023699350775,0.075116561394866,0.0017858085402114865,0.19508418811689568,0.2157925295142249,0.5891232823688795,1,Global off,1,False,1,0.1270999999999999,1000,1000,-+---
PTSD,15,107,0.020708341397329206,34,26,47,0,0.3177570093457944,0.24299065420560748,0.4392523364485981,0.0747663551401869,ITI,CS+,0.12267282122889869,0.12267282122889869,0.02719812469138258,-0.14987094592028133,0.19508418811689568,0.2157925295142249,0.5891232823688795,2,Threat-like,13,False,1,0.2489,1110,1110,-+++-
PTSD,25,104,0.020127733694600348,14,19,71,0,0.1346153846153846,0.18269230769230768,0.6826923076923077,-0.04807692307692307,ITI,ITI,0.09356902532342826,-0.06046880350151107,-0.033100221821917214,0.09356902532342826,0.19508418811689568,0.2157925295142249,0.5891232823688795,1,Global off,1,False,2,0.3641000000000001,11,11,---++
PTSD,21,99,0.019160054190052254,12,21,66,0,0.12121212121212122,0.21212121212121213,0.6666666666666666,-0.09090909090909091,ITI,ITI,0.07754338429778718,-0.07387206690477446,-0.0036713173930127685,0.07754338429778718,0.19508418811689568,0.2157925295142249,0.5891232823688795,1,Global off,1,False,2,0.2995,101,101,--+-+
PTSD,10,98,0.018966518289142635,31,16,51,0,0.3163265306122449,0.16326530612244897,0.5204081632653061,0.15306122448979595,ITI,CS+,0.12124234249534924,0.12124234249534924,-0.05252722339177593,-0.06871511910357331,0.19508418811689568,0.2157925295142249,0.5891232823688795,1,Global off,1,False,2,0.3188999999999999,10010,10010,+--+-
PTSD,12,97,0.018772982388233016,19,27,51,0,0.1958762886597938,0.27835051546391754,0.5257731958762887,-0.08247422680412372,ITI,CS-,0.06255798594969264,0.0007921005428981331,0.06255798594969264,-0.06335008649259077,0.19508418811689568,0.2157925295142249,0.5891232823688795,4,Global on,32,False,2,0.3013,11010,11010,++-+-
PTSD,8,94,0.01819237468550416,16,22,56,0,0.1702127659574468,0.23404255319148937,0.5957446808510638,-0.06382978723404256,ITI,CS-,0.01825002367726447,-0.024871422159448875,0.01825002367726447,0.0066213984821843486,0.19508418811689568,0.2157925295142249,0.5891232823688795,4,Global on,32,False,2,0.3663,11100,11100,+++--
PTSD,23,85,0.016450551577317594,13,25,47,0,0.15294117647058825,0.29411764705882354,0.5529411764705883,-0.1411764705882353,ITI,CS-,0.07832511754459864,-0.04214301164630743,0.07832511754459864,-0.036182105898291184,0.19508418811689568,0.2157925295142249,0.5891232823688795,4,Global on,32,False,2,0.3207,1101,1101,-++-+
PTSD,18,78,0.015095800270950262,9,14,55,0,0.11538461538461539,0.1794871794871795,0.7051282051282052,-0.0641025641025641,ITI,ITI,0.11600492275932572,-0.07969957273228029,-0.03630535002704541,0.11600492275932572,0.19508418811689568,0.2157925295142249,0.5891232823688795,3,Safety-like,20,False,1,0.2483,10001,10001,+---+
PTSD,6,75,0.014515192568221405,17,22,36,0,0.22666666666666666,0.29333333333333333,0.48,-0.06666666666666668,ITI,CS-,0.07754080381910844,0.031582478549770976,0.07754080381910844,-0.10912328236887947,0.19508418811689568,0.2157925295142249,0.5891232823688795,1,Global off,1,False,2,0.6506999999999998,10100,10100,+-+--
PTSD,27,62,0.011999225856396362,10,13,39,0,0.16129032258064516,0.20967741935483872,0.6290322580645161,-0.04838709677419356,ITI,ITI,0.03990897569563667,-0.03379386553625052,-0.006115110159386178,0.03990897569563667,0.19508418811689568,0.2157925295142249,0.5891232823688795,4,Global on,32,False,2,0.6520999999999999,1011,1011,-+-++
PTSD,7,53,0.010257402748209793,16,13,24,0,0.3018867924528302,0.24528301886792453,0.4528301886792453,0.05660377358490565,ITI,CS+,0.1068026043359345,0.1068026043359345,0.029490489353699634,-0.13629309368963416,0.19508418811689568,0.2157925295142249,0.5891232823688795,1,Global off,1,False,2,0.8703,1100,1100,-++--
PTSD,26,48,0.0092897232436617,9,6,33,0,0.1875,0.125,0.6875,0.0625,ITI,ITI,0.09837671763112055,-0.007584188116895679,-0.0907925295142249,0.09837671763112055,0.19508418811689568,0.2157925295142249,0.5891232823688795,4,Global on,32,False,2,0.8741,10011,10011,+--++
PTSD,22,44,0.008515579640023224,5,12,27,0,0.11363636363636363,0.2727272727272727,0.6136363636363636,-0.15909090909090906,ITI,CS-,0.05693474321304781,-0.08144782448053205,0.05693474321304781,0.024513081267484194,0.19508418811689568,0.2157925295142249,0.5891232823688795,4,Global on,32,False,2,1.2335,10101,10101,+-+-+
PTSD,11,41,0.007934971937294368,5,14,22,0,0.12195121951219512,0.34146341463414637,0.5365853658536586,-0.21951219512195125,ITI,CS-,0.12567088511992147,-0.07313296860470056,0.12567088511992147,-0.052537916515220884,0.19508418811689568,0.2157925295142249,0.5891232823688795,1,Global off,1,False,2,1.2293,1010,1010,-+-+-
